,Unnamed: 0,PatientAge,PatientGender,bmi,clavicle,shoulder,elbow,femur,wrist,tibfib,parentbreak,alcohol,arthritis,cancer,diabetes,heartdisease,smoke,respdisease,age_gender,age_bmi,gender_bmi
0,0,-0.2229188764801074,-0.2714381754171963,-0.8200495914132621,-0.0022075705728255,-0.0217987976283388,-0.0106802036605994,-9.84855455715694e-05,-0.0449483809454417,-0.0066037896252501,-0.001854286683234,-0.0134746363086267,-0.0018423962789196,-0.0001708601952171,-0.0002446659373612,-0.0032099357341833,-0.0084207151230693,-6.389444610543915e-05,-0.2834198104029656,-0.6547411741175756,-0.0465208211460115
1,1,-0.171598159362898,-0.3488016250718934,-0.8543218582883129,-0.0007158574575144,-0.0154807259111043,-0.0118006076843214,-0.0002088918425924,-0.0630735843550913,-0.0053460241259862,-0.0003178180196912,-0.011800221488467,0.0033372984064504,-0.0032103119235328,-0.0001468834941615,-0.0054801454030183,-0.0022783476352509,-0.001542479049973,-0.2722238199273333,-0.5733946789786163,-0.027344818929217
2,2,-0.2303865273160227,-0.3008805820282868,-0.8083747585400184,-0.0031689215421137,-0.0196085186700001,-0.0085142613186919,-0.000525734457054,-0.0649233914062049,-0.0072921714608431,0.0003857012761134,-0.0142715956469886,-0.0069020825028991,-0.0026371802592574,-0.000617899405125,-0.0107286411214413,0.0021389845894638,-0.0016016556133789,-0.2141476216606676,-0.7453238583083267,-0.0227886812143595
3,3,-0.1897738442576657,-0.2898942070239617,-0.7675905236562927,-0.0070414097382666,-0.0197798196761789,-0.0005568337938289,0.0001901773330622,-0.0419621344055411,-0.0040585617545944,-0.0008571895326658,-0.0100992795149608,-0.0069686746218147,-0.0034377395086245,-0.0006771195204474,-0.0113829523319525,-0.0050857390411086,-0.0002044192258962,-0.2995885526203102,-0.6345278565907139,-0.0381367863313637
4,4,-0.1652733500375612,-0.2841124456654039,-0.7226842239411387,-0.0017953797297139,-0.0248112443585413,-0.0164823351923562,8.006827265982785e-05,-0.0322495075566396,-0.003460170864974,-0.0008929698434788,-0.0121796450698706,-0.0040089829710759,-0.003096367426567,0.0001850904695944,-0.0072366985489349,-0.0128866806437002,0.000783374786287,-0.3232153112551749,-0.6434198163849881,-0.0318825099980784
5,5,-0.169428995802424,-0.3316607814734719,-0.8433714484206535,-0.0054470585710315,-0.0142594947853146,-0.014380539334012,0.0001757930226198,-0.0464608474304777,-0.0006877030792158,0.0023397425016602,-0.0076421559905957,-0.0029200528599897,0.0004319389739152,-6.600206798235142e-05,-0.0051542500501339,-0.0048256556045466,0.0007650884259808,-0.2844380066745274,-0.5732352073340409,-0.0456254534426675
6,6,-0.194076808018463,-0.2953989205741664,-0.7543678005749571,-0.0045779445886652,-0.0274438225920069,-0.0119270570322677,-0.0003577875374202,-0.0343874368217975,-0.0041779034788631,-0.0019501087301421,-0.0213310548385684,-0.0031446129794105,-0.0014465112496458,-0.0001301121797349,-0.0026981324459179,-0.0030559884767858,-0.0016378865827306,-0.2956236634338417,-0.6903321988613283,-0.0320727897305808
7,7,-0.197857061147774,-0.2837806772936625,-0.8250285799725904,-0.0001642927529017,-0.0161052526614842,-0.0060416937348651,-4.714975804365196e-05,-0.0620340720533578,-0.0036911135073031,-1.2906433280002185e-05,-0.013194179218435,-0.0050187676284043,-0.0013436058185853,-0.0007909202346971,-0.0088600990416566,-0.0048762399891846,-0.0002719933889703,-0.2970413655481995,-0.630989819402017,-0.0494860773628363
8,8,-0.161465189496593,-0.2388679420002272,-0.817523957658992,0.0006311461943461,-0.0260017688765722,-0.014824351558732,-0.0001520475414357,-0.0435569903752842,-0.0066938607120085,-0.0027682263911935,-0.011455244551916,-0.0001206277741836,-0.0014712811912075,9.83216295991074e-06,-0.0093229877154491,-0.0049026869047885,-0.0016135155691812,-0.3458157936775591,-0.5793330588133273,-0.0589836596477549
9,9,-0.2113718381874038,-0.3522372455441612,-0.8573736921164056,-0.0032657138802795,-0.0181984938807905,-0.0103185482289133,-0.0004811205998299,-0.0513091045753139,-0.0065031394893457,-0.0020218908849399,-0.0114485864417195,-0.0063695899401651,0.0008395394078274,-0.0004325460182131,-0.0062776644898697,-0.0062721376462042,-0.0006944516724395,-0.225450799728753,-0.5954986151733775,-0.0307402859083067
10,10,-0.1966525891971701,-0.2595947366406618,-0.6997716942642312,-0.0026561163782246,-0.0146426666298998,-0.0038763197944303,0.0008538469327173,-0.0486401189693356,-0.0030171586359568,-0.0003854409385789,-0.0096666432357028,-0.0041106543603142,0.0008770048889505,0.0002526587297417,-0.0071313202644068,-0.0016122064423873,-0.000856549457445,-0.3155248771190303,-0.7004950964048852,-0.0435375662216007
11,11,-0.1518144869884812,-0.2605442902299174,-0.7808908320253715,-0.003649138251241,-0.0301327872144365,-0.0112823211899504,0.0004029019564572,-0.0315774010392335,-0.0005446213988388,-0.0007322460377964,-0.0136929103029795,-0.0046705342887615,-0.0008699302845319,-0.0001431156857079,-0.0086337550072997,-0.0083476454496356,-0.0010559750659245,-0.3336802371151582,-0.5576832134414315,-0.0422348529857296
12,12,-0.1541829317121135,-0.2946426042172406,-0.737468105105829,-0.0012733590144629,-0.009141016247844,-0.003594516096144,4.817417284186387e-05,-0.0701021511664095,-0.0045425719983228,-0.0003564556324263,-0.0153417803442683,-0.0032313917345971,0.0010460535946043,0.000454650316864,-0.0019146045219098,-0.0043704246049992,0.00127045063219,-0.3119353209888879,-0.4988261352387034,-0.0458501687526604
13,13,-0.1830604660588615,-0.3140885653487922,-0.7773156424582676,-0.0023842705249272,-0.0210591550741333,-0.0102647735135122,0.0004012363844276,-0.0487722856331253,-0.0080874518831479,-0.0020790985747738,-0.0087544166317835,-0.0072108188819496,-0.0021595208141695,-0.0004351090585082,-0.0014002634431115,-0.008882585645348,-0.0006884200442203,-0.2614088106273141,-0.5726707963648282,-0.0356945638899471
14,14,-0.190689490070648,-0.2403522888469341,-0.8496089395886232,-0.0018984889244965,-0.0256189908377311,-0.0130366069100057,-0.0004382793867262,-0.0559857628777925,-0.0013126299072537,0.0001427238512023,-0.0099907444532612,-0.0034266707501056,0.0001797137689265,-0.0009004618575922,-0.0062768445096379,-0.0055881133679259,0.0003078586516591,-0.3455810719481061,-0.5578826383177203,-0.0615157548444469
15,15,-0.1516771043966204,-0.3033274168587591,-0.7583534667418254,-0.0022934328099942,-0.0242651938633364,-0.0066428964184815,-0.0004727642130412,-0.056347467417684,-0.0008256373357009,-0.0004594521552595,-0.0125190658304921,-0.0038277702929934,-0.0010628684311581,-0.0001308212987385,-0.0065659567935885,-0.0161937301433122,-0.0021587653090771,-0.2852374460033736,-0.5524825231753211,-0.0358441982395641
16,16,-0.1649278466266931,-0.2719653093639217,-0.9110890500106188,0.0005210682190373,-0.0225015241069418,-0.0054286201428099,-6.578980511251498e-05,-0.0533636377086582,-0.0044189059130663,-0.0012432807606778,-0.006576570752481,-0.0061118051510734,0.00011024317182,5.518454003272666e-05,-0.0028663469599405,-0.0041727202051382,-0.0024713848566693,-0.3266078721039683,-0.5434739658820676,-0.0632480784801526
17,17,-0.2182404733626602,-0.2763176324595359,-0.8258519826080116,-0.0027211674502849,-0.0211996472011256,-0.0131932932126369,4.774803422724627e-05,-0.0363711171919599,-0.0042190366618967,-0.0008529183719532,-0.0155308470434991,-0.0044483423188175,-0.0017815614251069,-0.0003327099191039,-0.0025601654166423,-0.004885492349921,0.0023770506229741,-0.2876440607749365,-0.6351047395192323,-0.0523027982827767
18,18,-0.1766593044800389,-0.2835185008493289,-0.7940557393255095,0.0004421919306991,-0.0239589401325954,-0.0141897980525802,-0.0008130278145828,-0.0501726218270988,-0.0047879292391456,-0.0005627362007695,-0.011983600937187,-0.0026183016486732,-0.000272996226023,-1.945020080773574e-06,-0.0082232210786634,0.0026794353184187,-0.0014312342626642,-0.3160151039515694,-0.5614459038141887,-0.0470442322767333
19,19,-0.1652132845949497,-0.3010855640907924,-0.7986722970042671,-0.002252980146764,-0.0234698324157284,-0.0064252104184338,0.0003309608651863,-0.0560721752767188,-0.0035088989433218,0.0001359205684304,-0.0150644924002275,-0.0028091847959392,-0.0014224496910854,-0.0003211094198165,-0.003497064522393,-0.0028332497577733,-0.0007026411437957,-0.2608917238740104,-0.5087744260994774,-0.0338277704589559
20,20,-0.1750760192925065,-0.3124303024039755,-0.7162248141549338,-0.0037477267287893,-0.027476803110307,-0.0142120168415692,-0.0001251458774239,-0.0506539639766913,-0.0077179168852201,-0.0006473552242265,-0.0177606889791597,-0.0068520668654203,-0.0011780782000474,5.432564415119856e-05,-0.0058563655367069,-0.0032791892725381,0.000589326311654,-0.2885440318184157,-0.6869384336371579,-0.0204424304607778
21,21,-0.1970001732703623,-0.334551620933358,-0.8002865162120042,0.0013034193721662,-0.00805368860337,-0.0164232866588059,0.0005030573437954,-0.058370200023891,-0.0029838033623539,0.0011399967920188,-0.0048184288481589,-0.0043114117153775,-0.0028696775209253,0.0002380418262976,-0.0054865271767559,-0.0035981428411139,0.0004055347741865,-0.2795859410942357,-0.6918173976232666,-0.0282645648679943
22,22,-0.1624694942353711,-0.3051571384657608,-0.914960249852023,-0.0057176886150885,-0.0167655220356695,-0.008426235765259,-0.0005447415012631,-0.0574364509353033,-0.0043199604094953,0.0012507884484009,-0.0154533410718589,-0.0038799611343309,0.0002580006117183,-0.0006332671475637,0.0013743222752596,-0.0074750409124719,0.0004284860033126,-0.3101064167363642,-0.5689822085968054,-0.0480419823366514
23,23,-0.1782174008509873,-0.2926815527368135,-0.796777722909218,0.0012866340389976,-0.0255593391150299,-0.0013313240230052,7.456358127744256e-05,-0.048561874235427,-0.0082751947525195,-0.0017331751389794,-0.007747944655694,-0.0038278241988016,-0.0005937803530455,0.000189570508268,-0.0110910479832269,-0.005355706973018,-0.0003184903606275,-0.2729792479969063,-0.6204098903752976,-0.0335995843803229
24,24,-0.1626612699545465,-0.3245274903053251,-0.9467290946991916,-0.002432478355308,-0.0198823514709068,-0.0060806585474921,-0.000326225947145,-0.0540004422264539,-0.0049441123839356,-0.0010638953514719,-0.0121069657626922,-0.0044712155959524,-0.0025700581690538,-0.0004889506999573,0.0009422995041711,-0.0137467923266801,-0.000658936498409,-0.2797900903371856,-0.475699723444042,-0.0485521966800449
25,25,-0.1876647777330971,-0.2998463319136856,-0.9313046094635652,-0.0036674332412578,-0.0301591597196598,-0.0055481108639972,0.000411336483242,-0.0445571746910408,-0.0020452194367313,-0.000789603462255,-0.0143464402433244,-0.0022242101145483,0.0004634175237104,-0.0002493503269828,-0.0079764874096335,-0.0144035038854332,-0.0014358140575703,-0.2973088998690164,-0.5841494050996042,-0.0458053114875285
26,26,-0.1811656518497354,-0.348268023403934,-0.8003940329569345,-0.0058891190646094,-0.0264029804939317,-0.0098923075001405,-0.0003911631589261,-0.0497635399422623,-0.0033749059608628,0.0001127578632313,-0.0058976546685519,-0.0045296831403786,1.811689756492374e-05,0.0005999448106336,-0.0044895288835958,-0.006887742553856,-0.0001425708675562,-0.2325832931181196,-0.6020404557885063,-0.0236247903761221
27,27,-0.1861275388630285,-0.3546048625535251,-0.8377473832474011,-0.0010781686881711,-0.0221110509836051,-0.0166245708098859,0.0001921306692058,-0.0508797251470407,-0.0002893036256147,0.000308901718466,-0.0095276464973983,-0.002125283048481,-0.0018958518125494,0.0008744671008653,-0.0031019681335291,-0.0054580193773299,-8.017726767794997e-05,-0.2512851614593238,-0.5762096770264581,-0.0302641367527802
28,28,-0.2095230834131313,-0.2944919502595392,-0.8289937875360319,9.941178457228972e-05,-0.0198599155075985,-0.0092177661804955,-0.000613480542195,-0.061804295964281,-0.0046016292675821,-0.001664316801235,-0.0138115052176829,-0.0062181865947347,-0.0006787627439706,-0.0006350123566121,-0.0031202040070057,-0.0083464299777621,-0.0002118018635017,-0.2461750111718993,-0.6394470372579485,-0.0377280388575338
29,29,-0.1887713238781609,-0.2705994473836765,-0.8045791666756531,-0.0045469253891288,-0.0207458622860082,-0.0108223403949919,-0.000549671310468,-0.0586509963698224,0.0008257616542266,-0.000741162635789,-0.0097812889391987,-0.0051825221254692,-0.0002336135009057,0.0003556140742831,-0.0057245380400352,-0.0034823389509416,-0.001357626039786,-0.3084870382428996,-0.6340747220209907,-0.0454065477800836
30,30,-0.1998139965356278,-0.298539546607336,-0.7611285900629011,-0.0026494165470722,-0.0256370607131013,-0.0179624994424906,-0.0001180094062331,-0.0383629745884975,-0.0056229071819662,-0.0004302115862918,-0.0100238942220934,-0.0052991378725761,-0.0012602207061079,0.0001148418475717,-0.005304398462446,-0.0032737291566428,-0.0022349623409089,-0.2682030078699512,-0.6748921386240981,-0.0259907134245169
31,31,-0.163026968617905,-0.2932438478255511,-0.7919430026381576,-0.0011958405178829,-0.0237724569353344,-0.011683638209967,3.068451724730359e-05,-0.0400829090405676,-0.0042748585197714,-0.0010975538941572,-0.0033671837565155,-0.0055138185252981,-0.0009936361156609,-0.0003722027263236,-0.0077792549592157,-0.005337793073187,-0.0017023422047309,-0.3014530258359776,-0.5764761332697105,-0.0283963529509788
32,32,-0.1844976839182216,-0.2659071752598648,-0.783154558173618,-0.0058838668180005,-0.0156116337609831,0.0016251961076793,-0.000279215532337,-0.0753643019131736,-0.0056673078282383,-0.0002406196504882,-0.0085623704070415,-0.002042033214934,-0.0007545044254025,-9.59416208896613e-05,-0.0032665817833839,-0.007617079237529,-0.0003367975444332,-0.2863857910376254,-0.5484767220541139,-0.0458306769873291
33,33,-0.1939934353772675,-0.2770332260862801,-0.7741743108754718,-0.0016295264504977,-0.0263602159336853,-0.0118608823132493,-0.000528779321983,-0.0538102463397188,-0.0012582573899415,0.0004997376653187,-0.01535181662113,-0.005842049948568,-0.0009413244499849,0.0002840697261674,-0.0035863078203378,-0.0002984901657568,-0.0010211673053608,-0.2908770436538627,-0.6515937883910635,-0.043713974553882
34,34,-0.2146759637587779,-0.2647254430696589,-0.8606471373461763,-0.0060731353212072,-0.0197798441274869,-0.0153125825822661,0.0001046683489148,-0.0498373685214749,-0.0042646899562077,-0.0012230494867812,-0.0080366315731078,-0.0029868034813191,-0.0024092733437554,-0.0002160630255323,-0.01261355526161,-0.0097820226744196,0.0016749755587029,-0.2869594330003003,-0.6307156254695311,-0.054305330973179
35,35,-0.1970583819379213,-0.2648893396889816,-0.9208889361938624,0.0011628269890979,-0.0172272212062907,-0.0084552081552773,-0.0002026437239669,-0.0706908297601297,-0.0058069709928258,-0.0027515981651545,-0.0086354954396982,-0.0049717088985428,-0.0026432972538955,0.000230862605974,-0.0049134023101212,-0.0076002123897951,-0.0004605459130189,-0.2873652981765197,-0.5915339349951315,-0.0557426678485224
36,36,-0.1509275041601855,-0.2886964153513071,-0.7953583548636355,-0.0003930578125381,-0.0196277353116224,-0.0130548601288235,0.0002815639751241,-0.044869372577052,0.0019461120940995,-0.000121047257913,-0.0205679410919559,-0.0017030207302353,-0.000208904947813,-0.0004055278412795,-0.0053093021264171,-0.0045408395052658,-0.0003634253248021,-0.3069189736371823,-0.5946165187614064,-0.0343622880920357
37,37,-0.1860192925020745,-0.2591932839465573,-0.7703436817029142,-7.509609424416475e-06,-0.0242869624299937,-0.0072507483216912,-0.0002614338560859,-0.0484961366163643,-0.0045269702102752,-0.000431591385908,-0.0195627674390899,-0.0099364433121369,-0.0013041060864856,0.0002025768756251,-0.0165696617797336,-0.0039753276833556,-0.001220664398231,-0.3105003406609193,-0.6667430169596892,-0.0465734173390739
38,38,-0.1899162287695799,-0.2609181543858797,-0.7820504932061773,-0.0015174402759633,-0.0148703288029512,-0.0176860371355986,0.0003550387502001,-0.0464681604896101,-0.0034533999334613,-0.0005796087204696,-0.0177018299536551,-0.0049363035056478,0.0003251305865215,-0.0006409298836261,-0.0056811074772743,-0.0112110459773,-1.4525135428211655e-05,-0.318323224444427,-0.641418450894775,-0.0491601577346576
39,39,-0.1911831256224218,-0.3039418987061336,-0.7145438564707011,-0.0029262921463776,-0.0209250733275451,-0.0122649645867735,0.0002044808519234,-0.0506294256632725,-0.0044889079289176,-0.0020835426345904,-0.0119381115676774,-0.0043685754701552,-0.0005015237964682,0.0001866982454734,-0.0080514547334817,-0.0004637180778792,0.0002280358638367,-0.2683338976834418,-0.626604907803154,-0.0259789149501589
40,40,-0.207767364870801,-0.2401320028246413,-0.8986931950289853,0.0007704030130923,-0.0207112142972503,-0.0101804925635583,-0.0001846899236588,-0.0584688245746108,-0.0021829627954764,-0.0011473432707048,-0.0175559219149836,0.0040009030177662,-0.0002186431455818,-0.0010154848040664,-0.0038458353253274,-0.0050560886583185,-0.0013974319063766,-0.31861946055079,-0.5896590439927486,-0.0672965518144528
41,41,-0.1683566185211213,-0.3452282412481601,-0.8304109657789106,0.0012398006743268,-0.0133812432522437,-0.0014266493661566,0.0006138460573658,-0.0761624962064408,-0.0002015287076311,-0.00049887619329,-0.0052458004704966,-0.0044785087856332,-0.0005039427932288,0.0007096482912339,-0.0058137504833621,-0.0019596746787825,-0.0012886837596156,-0.2784299422159432,-0.573289696209225,-0.0340974678961696
42,42,-0.1798565695427041,-0.2318870079457157,-0.6661608355887129,-0.0018300112064782,-0.0169229624381285,-0.002216979188696,-0.0001057546421654,-0.0698330952185859,-0.007990861798411,-0.0008141293510276,-0.0128854448528366,-0.0071085122146148,-0.0010966654565673,-0.0003676539568963,-0.0033952212990876,-0.0127193433292507,-0.0002740567048116,-0.3469651733649207,-0.6463626737658484,-0.0455456322748012
43,43,-0.1778304940481537,-0.2846034166092638,-0.7720583816784142,-0.0010422381132052,-0.0210777903970718,-0.0143842135816542,-5.633384876091441e-05,-0.0445517537186481,-0.0068155782911137,-0.0023635570963888,-0.0171165768940575,-0.011440411434856,-0.0001341698069931,0.0006350879802132,-0.0022206142942601,-0.0087114242923792,0.0006034587237244,-0.2983890505919028,-0.6673721184197438,-0.0339272455326932
44,44,-0.1548889728799355,-0.3040347302879865,-0.8565104787310532,-0.004128886862332,-0.0286792011905351,-0.0095324234030925,-8.127286604431294e-05,-0.0437437566547508,-0.0040748804928627,-0.0027403787739411,-0.0149888990277698,0.0021886294531984,0.0004742303406573,-5.397330923928578e-05,-0.0015435092128285,-0.0051625151657689,-0.0010405936276227,-0.3103754161559354,-0.5819781233616891,-0.0441153835454547
45,45,-0.1745077148070318,-0.2705528268695115,-0.7177250009343482,-0.0013605114182517,-0.0192360256730547,-0.0189427715024829,-0.0001691285258778,-0.0455503771264882,-0.0065517511513524,2.614281832813425e-05,-0.0102603991370556,-0.0045599122727159,-0.0013582087320286,-2.804358860741818e-05,-0.0050263529760568,-0.0002435067408218,0.0009926980382179,-0.3161811394578225,-0.6192380127035114,-0.0436628394056015
46,46,-0.1717501641841016,-0.3096737641357695,-0.7404799412125976,-0.0037780161936368,-0.0128193104413465,-0.0109597510974678,0.0004223566901142,-0.0455461857194898,-0.0055518176803656,-0.0017520204561422,-0.0190748559711123,-0.0040245878158341,-0.0028305532332001,0.0004754033076994,-0.0054837058698601,-0.0012017294320439,0.0008548705552758,-0.272215600523323,-0.6012528401953471,-0.0263377072507863
47,47,-0.147622279499587,-0.2999641904707507,-0.8932246668296703,-0.0025672607342347,-0.0332806633957107,-0.011168790948467,0.0002096697275814,-0.0438699673993202,-0.0052590195469036,-0.0004788210559527,-0.0026049568302994,-0.0054309224957089,0.0011608170125755,-0.0003288819523773,0.0016996740491028,-0.0073477345877023,0.0007262253270537,-0.2912922057561397,-0.486518859172984,-0.0444069336289228
48,48,-0.1981622526949031,-0.3043821713732059,-0.8564545339122233,0.0014284448566178,-0.0239856107832404,-0.0192049596450853,0.0001558389442106,-0.0500788351038619,-0.0007834022696562,-0.0017411024544156,-0.0039232053022039,-0.0039342399426048,0.0004257429674253,0.0001410496460526,-0.0041320138527465,-0.004864986296699,-0.0011756261867611,-0.2811350414832815,-0.6185805852047263,-0.044854227386499
49,49,-0.1663544320933523,-0.3196206857754075,-0.8710491163418764,-0.0011245594580028,-0.0296706094007491,-0.0063012693286907,-3.612116971463131e-05,-0.0438832309973011,-0.0052110846492884,-0.0019571875588759,-0.0100778090334558,-0.0036499189337967,-0.0015768113437345,-9.059924609633452e-05,-0.0109731760036573,-0.0065171097135043,-0.00134389859631,-0.2766439302233673,-0.5985493841592805,-0.034771522463646
0,0,-0.7844862064634311,-5.747842227462288,-0.3629328554339411,0.0011118124317788,-0.0294720438183735,-0.0183910423270897,0.0002906154129589,-0.0662787212030149,-0.0069967531881729,0.0007872483248121,-0.0315840768844178,-0.0050424943849174,-0.0026528607306456,-1.9245397737677195e-06,-0.0109937426001127,-0.0021186693245183,-0.0005660179313807,-3.236559397642389,-1.0966520391298746,-1.158757558472001
1,1,-0.8683737139186009,-6.104805888969552,-0.4291752754967931,-0.0024280091988408,-0.0289017122677117,-0.0071985892685489,-0.0003093969303196,-0.0714276417980234,-0.0068245226154259,-0.0003087434661153,-0.028184774781332,0.0048795607403835,0.0019882891338357,-5.419174000653726e-06,0.0014524260925417,-0.0031957089072798,-0.0006044389341894,-3.144131715524769,-1.1005470097815595,-1.098036842515775
2,2,-0.731217251324079,-6.013669294270965,-0.3810676080108391,0.0039137748494055,-0.0361152707160314,-0.0206066577586817,4.7652590899227576e-05,-0.0627562711968796,-0.0065829450452113,-0.0003510004713751,-0.0155206145402513,-0.0062181882773345,-0.0082190486570603,9.513743945310791e-06,-0.0030199099996991,-0.0039845742701721,0.0011062411073435,-3.353230396092069,-1.040083324656877,-1.1503461916883344
3,3,-0.7954549526369182,-4.604787376602198,-0.4072837551468861,-0.0008370762078617,-0.0220043459436362,-0.0187730968134642,-6.736059371248437e-05,-0.0742632659783896,0.0017385566338892,0.0010025252444302,-0.0280134658017281,-0.0021076444348067,-0.0015848811623282,-4.399418699008173e-06,-0.0103497346852634,-0.0049745162221553,-0.0005156232669765,-2.8570534318171235,-1.067127168781838,-0.9357118322367164
4,4,-0.7352588386222635,-5.475039920683908,-0.4097521229994266,-0.001447997789107,-0.0299493252679814,-0.0148274334023477,0.0002048936736412,-0.0604170033951888,-0.0093233472899416,0.0009619407695393,-0.0193031020781926,-0.0069431426785835,-0.0026462301476406,1.342245196434e-06,-0.0072066646376294,-0.0047889535608783,-0.0002614711936599,-3.1928852309661595,-0.9327115228646105,-1.1704126284415808
5,5,-0.6593825298774513,-5.922439640723329,-0.4005374565478364,-0.0032535267350732,-0.023910179624873,-0.0199216254617023,-0.0001107348161653,-0.0668176569178382,-0.0029946138740896,-0.0003215428035215,-0.0219557170457417,-0.0031688685103772,-0.002954788166241,-1.8176330545127684e-06,-0.0038729896330698,-0.002075373289898,0.0008437618619701,-3.2276425532092,-0.9198485374614814,-1.0808757428797515
6,6,-0.8139878577205918,-5.838265486477035,-0.3595072216388703,-0.0003559524817446,-0.0225483414293558,-0.0147869991194358,-7.367828662163678e-05,-0.0524834324657754,-0.0102252620939758,0.0003120658289221,-0.0285344587256478,-0.0061919225124731,-0.0012183381616419,3.039633931223307e-07,-0.0070211737061074,-0.000955850689207,-0.0007785356035234,-3.4663171323216075,-1.0860891922941844,-1.103926646971063
7,7,-0.7628078650742399,-5.810045238334958,-0.4480890152172608,-0.0017298231638219,-0.019009480832429,-0.023258427876959,4.217862550226492e-05,-0.0500851735249018,-0.0117741479116953,-0.0011104025700701,-0.0391255662774344,-0.0011432794624722,-0.003567539998065,-6.234418785999729e-06,-0.0069910065932723,-0.0072174859411822,0.000132881774738,-3.081832832282257,-1.0123068164892983,-1.0792366515484435
8,8,-0.7952042745391271,-5.5871085854351055,-0.46345685374526,-0.0032738387771691,-0.0062132469776271,-0.0220170440619579,-0.0001265310269106,-0.0803104409912575,-0.0058549339377823,-0.000694368178249,-0.0147050567644807,-0.0053619887330299,-0.0011256021182546,-6.004944959503433e-06,-0.0087795155842278,-0.0071403936281732,0.0004674330477124,-3.559554591854829,-1.021433112764762,-1.2452076520794946
9,9,-0.7531289035930012,-5.470320591279392,-0.424322733108435,0.0013085419593439,-0.0174720937893372,-0.021578990460863,0.0002400930215726,-0.0680426384253547,-0.010589705999944,-5.737843696185241e-05,-0.0112663134360468,-0.0058828986597218,-0.0052362138555483,3.1717063483371888e-06,-0.0125633693726769,-0.0041617106004693,-0.00149721267724,-3.3178067027547864,-1.0248467460663644,-1.0849782818281173
10,10,-0.7656233132908074,-5.948518478361806,-0.3995241189112432,-0.0002989045078195,-0.0197109180489707,-0.0097320243863598,0.0003365629804273,-0.0836818806218293,-0.0060194623287809,0.0002621841467664,-0.0173613558961224,-0.0050290447853359,-0.0018648630008418,2.2120379976620086e-06,-0.0037435058277713,-0.0050736272457985,-0.0003103132600441,-3.2934565105969527,-0.998696599682892,-1.0986368343061264
11,11,-0.8050444000096243,-5.681026949239793,-0.4481919407846503,0.0012368938343723,-0.0182174866295981,-0.0111551465982033,-0.0002030377748769,-0.0897864781324807,-0.0030987467290544,-0.0007661013387202,-0.0281136433838912,-0.0014737999372106,-0.0028593916984124,-6.769559959263205e-06,-0.0078251368147773,-0.0098128395541228,-0.000891070177577,-3.230959308221529,-0.9451514519076946,-1.150205847403559
12,12,-0.8606931000719776,-5.5063152183757325,-0.4610042670459028,-0.0009101112838376,-0.0301643639312848,-0.0123857675258295,-0.0005858344293889,-0.0617385912611168,-0.0089014084295814,0.0001771573357732,-0.0298203802711483,-0.0024048650568061,-0.0013951059156567,1.732585699909528e-06,-0.0018326385601705,-0.0004740404131001,-0.0003980553651871,-3.0851575795621864,-1.0848470229453864,-1.07539674217794
13,13,-0.7876755734321407,-5.54099024078533,-0.412175133820342,-0.0002608486708787,-0.0184405352784344,-0.0121433531094988,0.0002978026434801,-0.0701863540851586,-0.0074575245319088,-0.0005319826174365,-0.0193747332071229,-0.0057451589554138,-0.0016695347698024,5.341566685634902e-07,-0.0017683742551584,-0.0069770051362998,-0.0034400503041827,-3.326819108725535,-1.015141174300405,-1.10720277600739
14,14,-0.6993697964743281,-5.953935307927926,-0.417491624519731,-0.0034786106566411,-0.0358819538311483,-0.0056192657343745,-0.0014322774076556,-0.0495362090225777,-0.0129714794665767,9.421879242677011e-05,-0.0147377780529448,-0.0028341602072881,-0.0044610492040035,1.452035653271011e-06,-0.0136871867775216,-0.0031329486074497,0.0014281994767119,-3.310414440665997,-1.0321338204573314,-1.1529033424498505
15,15,-0.6600344041337921,-5.835808402824382,-0.4461348455193027,-0.005083105464207,-0.0332641101966882,-0.016911676629051,-0.0007682334984278,-0.0457168566974657,-0.0031896402025742,8.042126792084936e-05,-0.0327496929041775,-0.0029921805789108,-0.003430083941894,1.1343152168774571e-05,-0.0046547464777214,-0.0021569569205361,-0.0016089296644745,-3.325536396266948,-0.9429077824523824,-1.08050025292044
16,16,-0.7627521157177232,-5.7221883541199015,-0.422519042187253,-0.0028700896225635,-0.0185128531805511,-0.0140870627244761,-0.0006579591277222,-0.058700162905502,-0.0045980457134049,-0.0002308614522501,-0.0281692528775839,-0.0028793307173787,-0.0023095385037402,-3.6094524211716106e-06,-0.0005599672503828,-0.0033889777771287,-0.000197120361586,-3.3050655896300696,-0.9153260537710212,-1.0673523478484257
17,17,-0.6431241733274987,-5.558425476249259,-0.3834121546076253,-0.0040832634723075,-0.0290201102903512,-0.0146994893647144,7.873045539485979e-05,-0.054756112384635,-0.0035436615004629,-0.0002525307506561,-0.0234500687036272,-0.0008137969182,0.0005655518585503,-2.7626711850414765e-06,-0.0067641968005486,-0.0013363741409002,-0.0021042397368743,-3.2179233826630607,-1.0036068461507224,-0.9975298379148948
18,18,-0.8038744458565682,-5.742829460876663,-0.4168891946243999,-0.0009501325480348,-0.0315002768502288,-0.0110410450712008,0.0001509483869426,-0.0505914979090162,-0.0109648306954197,0.0001773529515252,-0.0238570028873394,-0.0096693140798477,-0.000586799040645,-1.4705342494814031e-06,-0.0081058998415612,0.0012198208969567,-0.0009414909370895,-3.2036941759712416,-0.9952535683686852,-1.0428750140639251
19,19,-0.6730506248972156,-5.750381962327156,-0.3606900930696658,-0.0022647176681895,-0.0328808262210235,-0.0127494228760559,-0.0004369935068402,-0.0447611696674241,-0.016091193857965,-0.0009992507001008,-0.0234182745060976,-0.0002241818016116,-0.0037368330199688,1.4012491453829767e-06,-0.0056627012421228,-0.0055364856651489,0.0017951998015866,-3.114617917047937,-1.0211396380586637,-0.9762041349236524
20,20,-0.7390561726158621,-6.030214126112837,-0.4490463384320206,-0.0010354660861703,-0.0318125286000218,-0.020029483518323,-0.0006849941926064,-0.0615940767749071,-0.0009875669854393,0.0001271904625524,-0.0060339396902763,-0.0039852814774801,-0.0041825781801638,2.026919433961716e-06,-0.007971063414593,-0.0053054509079942,-0.0008184392175939,-3.2150744772627458,-0.9570277778243418,-1.073743040967917
21,21,-0.7902947811681896,-5.455288718483167,-0.3919293891159211,-0.0056948336277855,-0.0202814081507797,-0.0128803922271063,-0.000273363790022,-0.059927733174711,-0.0088708080568389,1.3410256603285651e-05,-0.0277981937953668,-0.0060306321573568,-0.0023272590129516,4.231810168620065e-06,-0.0081086262734157,-0.0031526503787288,-0.0011044527215396,-3.4246383947657795,-1.095470023336719,-1.1628428860403224
22,22,-0.7770696550967767,-5.960361042113434,-0.4166345291041996,-0.0050180838565818,-0.0276723575161146,-0.0170759939460337,0.0007240013212649,-0.0584727115169021,-0.0100756817009231,-0.000138775099982,-0.0228808709149157,-0.0087535627853215,-0.0038453387029814,-6.61054501338576e-06,-0.0050196476213864,-0.0061618728715316,-0.0017181443373438,-3.547381547320981,-1.0387235250540314,-1.258855231911356
23,23,-0.7492793742022216,-5.447366346251752,-0.4053845834253095,-0.0036177116875267,-0.0219350726453674,-0.024913965297186,0.0012037689476499,-0.0555553751816728,-0.0054809786377529,0.0005260884654864,-0.0226206341714662,-0.0029615048429398,-0.0025779784390999,-4.6745574909801135e-06,-0.0058825281275678,-0.0046578193822197,-0.0012249292592724,-3.251928394172914,-0.9904742729677872,-1.0386937872960118
24,24,-0.7272276839816741,-5.367037813867908,-0.4089142830482507,-0.0020460642557933,-0.0208450554008339,-0.0112887771097843,2.960525821293913e-05,-0.0708851787254518,-0.0030123145793214,-0.0010143111173644,-0.0267050630466525,-0.0018900690576169,0.0001272915817409,-9.072155578992992e-07,-0.0045115109137801,0.0009649770273773,-0.0004574092671498,-3.249862169893156,-1.0439867145147863,-1.045004115719848
25,25,-0.7640839452630511,-5.678519794492531,-0.3956352707690093,-0.0031236739568223,-0.0346541753725625,-0.0111272495154127,0.0005834779278713,-0.0599253670968358,-0.0130047600649734,0.0005729571185747,-0.0109021129961204,-0.001051049954773,-0.0005996477126762,-3.5413997467870217e-06,-0.0081501846090421,-0.0107269081834746,-0.0020260788599831,-3.20270886258797,-1.1315532557869536,-1.0860029421952078
26,26,-0.7804461057887621,-5.613343748810928,-0.4767411888994798,-0.0049040003612037,-0.0318211150817544,-0.0059303984707368,0.0007508895358904,-0.063376430540001,-0.006684320594018,-1.326315212679674e-05,-0.0393891809020174,-0.0021045731536198,-0.0018065544556077,-1.6737158341495473e-06,-0.0069070456345083,-0.0010981631011909,0.0001725362632513,-3.4040547865950965,-1.009770155122562,-1.1804955360253953
27,27,-0.7115155716887197,-5.6306848786147015,-0.4634529121813288,-0.0097241504876,-0.0341070579391115,-0.0165988474196263,0.0001374250411932,-0.0353829285026063,-0.0066233968026235,-0.0001625352748462,-0.0313288914840319,-0.0051118284729925,-0.0007242923420699,-1.8568615262060104e-06,0.0003693557901259,-0.0013116083387787,-0.0023099520078888,-3.4623084925131464,-0.9159922977734336,-1.210118118312845
28,28,-0.7439697564971729,-5.753917325323828,-0.4058996738327086,-0.0037741600112455,-0.026281415773725,-0.015632862050482,0.0005410117400472,-0.0643844948818003,-0.0040240496318733,-0.0004440691891169,-0.0168524840442636,-0.0049371273183579,-0.001866259180029,2.5664834744087983e-06,-0.0101006155858691,-0.0041449629481764,-0.0015110616199023,-3.585974197427876,-0.9157226785310008,-1.147413213513885
29,29,-0.7679495650794496,-5.700094003388949,-0.4800347787319198,-0.0036431116660657,-0.026982099259785,-0.0214783429945902,0.0004126491506928,-0.05204312705628,-0.003822719375521,6.815944395244244e-05,-0.0216580512845286,-0.0071622909437611,-0.001814541474176,1.8966548979149067e-06,-0.0059255714602448,-0.0019892055356569,0.0013583757605962,-3.1581723636164427,-0.9740051098781995,-1.1280525150406264
30,30,-0.732240466021245,-5.83831417928475,-0.4079152895493084,0.0015363896821819,-0.0312603872365868,-0.0158935530302921,0.0001745415644125,-0.0517187616952904,-0.0095869119725012,-0.0001952473505592,-0.0204513172482735,-0.0031763207926432,-0.0035518108109164,1.4081369917873232e-05,-0.0058366353208337,-0.0013467931408935,0.0005927319850568,-3.130404529566789,-0.9767123927785352,-1.104488555965546
31,31,-0.7285947392860394,-5.328780808752608,-0.4198534311990182,-0.005148135870629,-0.0303611024361317,-0.0168204825599078,-0.0003205275595842,-0.0515504567558539,-0.0104574751061289,-0.0009251544392506,-0.0171856061131653,-0.0064939356893642,-0.0024526252887853,-4.277498778515465e-06,-0.0064625848357134,-0.0059233789373482,-0.000506968318742,-3.033219856198692,-0.9028343814910056,-0.9760942119172444
32,32,-0.8409806640162077,-5.72611355630568,-0.4369004645726365,-0.0007593258773908,-0.0258288708716667,-0.0156288017309189,-0.0003656778552664,-0.0666784744936647,-0.0031548194225478,1.7461931875240033e-05,-0.0311183768018595,-0.0085378551989354,-0.0017398809117841,1.916175976668377e-06,-0.0119742415588627,-0.003979490468147,-0.0014474056355682,-3.5737944480262125,-1.08657228625596,-1.2079476771598423
33,33,-0.7991445800504972,-5.257194402165046,-0.4132632865833924,-0.0033278682003242,-0.0228388498184697,-0.0291296729415623,-0.0002293682480498,-0.0477864842657019,-0.0058377582208433,0.0007133070492807,-0.0141212445009551,-0.0109590586030202,-0.0046782877959132,-8.105548807701979e-07,-0.0070863438821417,-0.0011680060259923,0.0003023213728481,-3.104936836689108,-1.0286362358974248,-0.9837520709675524
34,34,-0.8343511169078314,-5.92770046220376,-0.4497705979359575,-0.0028655897577566,-0.0242469073917295,-0.0112842177133076,-0.0002357005991059,-0.0623618374311538,-0.0141856527807273,-0.000685974276844,-0.0235890748208733,-0.0030643117195156,-0.0002248916060697,3.243992977575161e-06,6.300789222934977e-05,-0.0036167479246704,0.0006719111320088,-3.0311350980801937,-0.9586133847147508,-1.1100820866585677
35,35,-0.7058729902844693,-5.930875023037571,-0.3701691405077717,0.0008209922835046,-0.0266636518203762,-0.0236648002787801,-0.0003171509844059,-0.0456232696660406,-0.0050002059992731,-0.0004567350346582,-0.0307987816627121,-0.0015771643914638,-0.0005263733712939,7.760901495679207e-06,-0.002551296497505,-0.0037951962674884,-0.0012757562793823,-3.165315628318374,-1.0275757426836625,-1.1009122145135546
36,36,-0.7223773246747792,-5.6330701329647646,-0.4416725168616243,-0.0057790691832094,-0.0325946569897266,-0.0158267975880991,-6.872662829948695e-05,-0.0523682824732659,-0.0022092848462258,-0.0004309063947276,-0.0176245440693244,-0.0028055267194684,-0.0004655156056474,-6.511656211460881e-06,-0.0022484122846339,-0.0037291833121464,-0.0020511287015353,-3.1255159378853423,-0.9317490287899104,-1.0238678407630777
37,37,-0.8614314502390482,-5.903309301339918,-0.3947746093916769,-0.0015435920460796,-0.0130826492962335,-0.0080583337218551,-0.0002079749786144,-0.0815952404537548,-0.0129839376362194,-0.0003951510270618,-0.030678697626143,-0.0011328425611558,-0.0023473661097074,1.109530043685858e-05,-0.0136910178916151,-0.0056642679652264,-0.0007787326349043,-3.486075415986409,-1.088980896206182,-1.1183994455821007
38,38,-0.7646342510490906,-5.959353063559994,-0.4770948809061336,-0.0038496050924947,-0.0271022418166774,-0.0151321406510885,0.000328544201688,-0.070503608102302,-0.0061595818801235,-0.0011722471520221,-0.0257412249126371,-0.0009305704724176,-0.0039374915080448,8.589646351975233e-07,-0.0049287958209898,0.0011453064096208,-0.0004638164997072,-3.2029362435229607,-1.0017005754825243,-1.130660097822107
39,39,-0.8625591975179839,-5.702432888931274,-0.3882424039913031,-0.0012398106133638,-0.020854893419279,-0.0137128574222881,1.592152507212674e-05,-0.0621558542262156,-0.0124953271055965,-0.0004409123257901,-0.0235839420790101,-0.0064416413229438,-0.0051306827100157,6.941320618292225e-08,-0.0094844192361589,0.0021134443828277,-0.0020003207447698,-3.084376338207211,-1.147980113952638,-1.0213661175353894
40,40,-0.7806652195499167,-5.378791169362149,-0.4129158365661355,-0.0008205963410051,-0.0201449260753299,-0.017488658095395,-0.0004720446111942,-0.0465912955459384,-0.0112580978071927,0.0001618844049521,-0.027238140287856,-0.0066577756539452,-0.0013867831595201,-6.79206124454268e-07,-0.0087855229848828,-0.0012616868241959,-0.0009222832300173,-3.449959619735014,-0.96994231091787,-1.2807755067688702
41,41,-0.746618223286936,-5.461222292055055,-0.5024830762412097,-0.0037773676473861,-0.0290626839852299,-0.0113980522298837,0.0001357037713102,-0.0622995922088027,-0.0153852723627272,0.0003729695875106,-0.0261658855688581,-0.0068434563378947,-0.0014738946753388,2.469470379296013e-07,-0.0136790196691554,-0.0087694238631124,0.0001958472684986,-2.9655339314222773,-0.9917462043572236,-1.1270420445991656
42,42,-0.7626715575581325,-5.53301623155277,-0.4305461401394276,-0.0043447789170321,-0.0190530444072088,-0.0026617086407174,-0.0009971178426063,-0.0844956304721566,-0.0026532608692463,-0.0002414470283436,-0.0212440820293531,-0.0037455754149268,-0.0048040488921701,1.1718053642972848e-06,-0.0136956149649292,-0.0010473763293877,-0.0023698756999229,-3.015742840809326,-0.9362102650042002,-1.0116821004637266
43,43,-0.7861228818491725,-5.348006214426471,-0.3666096601907233,0.0030173162496549,-0.0394329081330708,-0.0075122931076839,-2.938772687322011e-05,-0.0454504644918779,-0.0085963435108092,0.0009145798920747,-0.0260385784003676,-0.0093329963093844,-0.0001183465889067,5.563219302562317e-06,-0.0056687840652636,-0.0009107251821153,-0.0025764399160072,-3.1332894323155083,-1.072362338109159,-1.0330138737475103
44,44,-0.7820538563920497,-5.437806190531358,-0.4437766075598995,-0.0017728102531776,-0.027323190088845,-0.0188697108888329,-0.0006915836286132,-0.0406335601192653,-0.0087704913550761,-0.0004972995999188,-0.0145129809639193,-0.0007746668834165,0.000567687724024,2.696431463666827e-07,-0.0057630123887135,-0.007043091423349,-0.0013698799187492,-3.158685619858599,-0.9851026062536976,-1.0800729474547728
45,45,-0.7420074433882128,-5.856724984190814,-0.4716394721898175,-0.0043980881011378,-0.0236731272998736,-0.0247529842219428,0.000363982377795,-0.0499760296526825,-0.0085058382312463,-0.000198052351062,-0.0180408082320729,-0.0024145067257349,-0.0038441369570276,4.326473815874365e-06,-0.0092493292109301,-0.0096774400176393,-0.001074934280137,-3.4718619943249007,-0.9285559387786864,-1.1479180742798336
46,46,-0.8433715727373486,-5.559540532555238,-0.422424239576101,-0.0054721090380036,-0.0331963341286929,-0.0179803117213185,0.0003362366494429,-0.0468152036600488,-0.0024904852329127,-0.0007024391599108,-0.0304587216977508,-0.006772061820265,-0.0013350245126091,-4.3866380451396125e-06,-0.0140800920564511,-0.0014125976299055,-0.0020761142722383,-3.1212495467993167,-1.1545396667273875,-1.0702722067380988
47,47,-0.728066927942204,-5.593490356798228,-0.3847385797620136,0.0030839334920821,-0.0324661310879453,-0.010418561025569,0.001049952970631,-0.0712054088117611,-0.0046209369493911,-0.0007776708725735,-0.0265944170756239,-0.001804411005579,-0.0024291209063396,-1.025218283934315e-06,-0.0095125072344002,-0.0114047651217867,-0.0011977611638951,-3.1074271194132432,-1.0373709284323764,-1.0774287236327602
48,48,-0.8305201345729895,-5.35241552779332,-0.4353446025173547,-0.0023821395793176,-0.0164843027310859,-0.0103740269378039,0.0001183295698482,-0.0718797701027426,-0.0065264735921569,0.0003553421609436,-0.0307954224783353,-0.0066416530131169,-0.0020802792172941,-1.861942401037986e-06,-0.0032700629616474,-0.0033485818662709,0.0007356818809742,-3.312754987983371,-1.061570996462117,-1.157967162821704
49,49,-0.8025579764105609,-5.720920172800139,-0.4025245655431501,-0.0011617219557084,-0.020136361945397,-0.0135531214645359,-0.0004672586333911,-0.0639496068617025,-0.0053103054087396,-0.0001754971548628,-0.0363568097507378,-0.0077870945720757,-0.0006442058686287,-7.784057477588924e-06,-0.0085114697319654,-0.0011417242006833,-0.0025939474566781,-3.240960764658196,-0.975426103203361,-1.0721531779557978
0,0,-0.5377802744656919,-4.16266423315389,-0.5971155267086137,0.0020749035478002,-0.0377087778689541,-0.0188669404310554,0.0005209133957907,-0.0557314713832508,-0.0091450328649331,8.516029716088003e-05,-0.0221008004166919,-0.0054663162956343,-0.0017480378977036,8.445110851595938e-05,-0.0052889797300603,-0.0023242837110057,0.002027419042036,-2.514465550531166,-1.0013878066767825,-0.7735652758690326
1,1,-0.5608581928869749,-4.319707735936518,-0.5886690508364831,-0.0053974417392772,-0.0054547619784982,-0.0255371423670829,0.0001218302599178,-0.0750427406709273,-0.0033068913499406,0.0001040607093782,-0.020751881688045,-0.0035547511241702,-0.0001389545368176,-0.0001920034036702,-0.0017535936889634,-0.0037950041599553,0.001183298624318,-2.7171279890944358,-0.8182508576641658,-0.8384805349336626
2,2,-0.5787429569025146,-4.1613952900000015,-0.4907750171186427,-0.0063832731439833,-0.0251362027874274,-0.0094529413863597,-0.0008439736878476,-0.0526419895071752,-0.0047894593968496,0.000130971774222,-0.0193425574629438,0.0024603294874957,0.0005095944833081,-0.000114115739874,-0.0071171689964478,-0.0112112214351806,-0.0001718845492477,-2.629811016726806,-1.033134709597889,-0.805492775758891
3,3,-0.5971480588990361,-4.593691292858148,-0.5862534341107206,-0.000801404158068,-0.0279841868807192,-0.0166241139327764,-0.0005002756355779,-0.0562461473012394,-0.0051074465940749,-0.0004072596776292,-0.0091887156418383,-0.004795326183321,-0.0047099987532084,-4.524183975296303e-05,-0.0082436342012782,-0.0066534535797397,0.0024117153121251,-2.502986583458739,-1.0533455018012186,-0.8459444392258704
4,4,-0.6118120794179904,-4.1505740976218695,-0.5588007359847409,0.002086914649824,-0.0281080177862919,-0.0185321869832144,0.0001726749642738,-0.0516112866610182,-0.0057513068420503,-0.0012029976076642,-0.0265289466163167,-0.0052859829394423,-0.0040829427794052,3.717899520172541e-05,-0.0041681147372695,-0.0032312761889151,-0.0021595929222155,-2.404281704913328,-1.0447495617475155,-0.7951090861789545
5,5,-0.65345131220432,-4.019596364064249,-0.5088915633804629,-0.0052104300978063,-0.0243844691213361,-0.019182967745787,-0.0001372988586778,-0.0701520247445725,-0.0023596581141508,-0.0009976994079335,-0.0240730533533177,-0.0059478602860986,-0.0020228335761421,-7.632830715353922e-05,-0.0162609668802681,-0.0093327294160352,-0.0009766457301482,-2.508857553398375,-1.068020537986203,-0.8295264738375732
6,6,-0.6416723391573638,-4.4459476465865215,-0.5721332191389115,-0.003921683285921,-0.0317404706923479,-0.0144631939605792,0.000276833390895,-0.0451077233177261,-0.0075225884267428,-0.0001290470483334,-0.0265206740668711,-0.0051315144280013,0.00282842340282,-0.0002254461832118,-0.0070542804417305,-0.0033954257294127,-0.0015282524300886,-2.437216395039268,-1.070960567873236,-0.8250237443280457
7,7,-0.5992082879173017,-4.351556199345287,-0.5912849577428279,0.0017641808866128,-0.0335413479438144,-0.018636647406458,-0.0001611533280142,-0.0474406200346535,-0.0104726576355425,-2.5748462091357283e-06,-0.0207497467529013,0.0039630858578225,0.000816986617576,-5.394859206320213e-05,0.0001731074248603,0.0017711466568597,-3.220882303445194e-05,-2.5136897960942326,-1.0068267600095446,-0.8075303254948751
8,8,-0.6041639524455371,-4.2077439925006255,-0.5702310650423381,-1.4094207933634806e-05,-0.0394496192635731,-0.0175918626924084,0.0007708332855559,-0.0719201692696667,-0.00418148410665,1.2977899846222662e-05,-0.0144787585730484,-0.0031307742488101,0.0001037313760945,3.840930287046795e-06,-0.0123700768247047,-0.0082392520096873,-0.0002668128200602,-2.8201425897915966,-0.9249768131355935,-0.8751689467909274
9,9,-0.6473742222640035,-4.201500964741288,-0.5911928010193297,-0.0037610027867455,-0.0176229341355445,-0.0270588959757511,0.0002900722686591,-0.081543753303668,0.0004834284548158,0.0001809190348298,-0.0232471939419725,-0.0053288560045402,-0.000415096975278,-2.24017755026118e-05,-0.0099370148950954,-0.007440909925013,-0.0031746573234107,-2.599435679909573,-1.034359047637787,-0.802227505305148
10,10,-0.5721920816747994,-4.56083326394634,-0.4549770715235637,-0.000317680549418,-0.0354018025923582,-0.0102423675887258,5.5743665232643735e-05,-0.0581788232600429,-0.0096501778700751,-0.0009963286933606,-0.0123141698162234,-0.0067832332347048,-0.0018443250959251,6.844999873689694e-05,-0.008773403509145,0.0009047142940171,-0.0009969470829409,-2.3895143094382494,-1.1367829360947077,-0.6079260865576677
11,11,-0.5871863880591548,-4.194687961411167,-0.5361616057059848,-0.0059745171909803,-0.0284852365444824,-0.0096076139412217,-0.0002197689237927,-0.0412784980470554,-0.0108383760275927,0.0004788824168286,-0.0349705815598717,-0.0015416881066155,-0.0010278351962355,-1.87180262742892e-05,-0.0054832140016979,0.0035731522469906,-0.0003141208632505,-2.6857717333593643,-1.0704777786883626,-0.8738667904145365
12,12,-0.617072030391201,-4.305063535154511,-0.5182829786542258,-0.0033571050678442,-0.0227182372768658,-0.021063420040151,0.0002788800327249,-0.0582400805285955,-0.0074754020300735,-0.0013234588867452,-0.0219041932255678,-0.0080756691291835,-0.0032221205035697,7.909544295903181e-05,-0.011229124066755,-0.0036001077151404,-0.0027527613431294,-2.675041996791954,-1.013457001997892,-0.871314798888718
13,13,-0.5713546210888958,-4.2330178618103576,-0.5815361061756965,-0.0015031431378528,-0.0225640302024638,-0.0202070499772268,-0.0005197310299221,-0.0724601763120648,-0.0086087772793012,0.0002614404306803,-0.0092680013742918,-0.0058953819931857,-0.0043365290658979,-0.0001037651647278,-0.0086233091542166,-0.0028509653873566,-0.0006644059981479,-2.5042262410389844,-1.0238940050664809,-0.7599034626865675
14,14,-0.5379483801483018,-4.365352121126532,-0.5377599243311373,-0.0006751798694598,-0.0351305475890925,-0.0183468569154781,1.611980933025059e-05,-0.0648360408029453,-0.0010380541928856,9.067854761624083e-05,-0.0369210840540603,-0.0045350446352485,-0.001803221137209,1.1351921767155382e-05,-0.00528686126179,0.0021203999799627,-0.0009209147769095,-2.6524726168769224,-0.9788880499254556,-0.8182171171155459
15,15,-0.5278592269858946,-4.337420304668117,-0.583464541347714,-0.002022184150432,-0.0426165381579238,-0.0290696267440877,8.02937785405744e-05,-0.0333275327414032,-0.0054114317402161,-0.000338487348388,-0.0339484384479396,-0.0053193654242426,-9.763981611521366e-05,-7.103432482225003e-07,-0.0057641898473297,-0.0055846392210467,0.0011464550385913,-2.579778540875105,-0.8665835670809767,-0.8135038906809864
16,16,-0.6045933745182952,-4.295058914302617,-0.5528884564387142,-0.0007454057924763,-0.043730191090153,-0.0205174252213059,-0.0003559473776717,-0.055607091420695,-0.0075192299048414,-0.0008253785322136,-0.0254689296854048,-0.0022808692901088,0.0021764784160619,-8.632745939884945e-05,-0.0047369543949666,-0.0105633053268324,0.0005333696616479,-2.515195314040911,-0.9099540504424186,-0.767521562227591
17,17,-0.5500696602394675,-4.254242474704662,-0.5039339330684847,-0.0022347015821719,-0.0250853574525158,-0.0101367512636942,-0.0003259464606184,-0.0677353514061318,0.0011403923826651,0.0003413234501552,-0.0116031182095772,-0.0058908675598763,-0.0041504359331885,-0.0002065348681142,-0.0042144093781284,-0.0040122498877025,9.058621112956188e-05,-2.589807584827972,-0.9816018370350958,-0.8053507637445294
18,18,-0.5857904757651009,-4.449247688351841,-0.5525013509059622,-0.0081265351991255,-0.0137148186368096,-0.0204510067516376,-0.0002074460512994,-0.0581878447481186,-0.0128179465080482,0.0002410229285542,-0.0265320197048712,-0.0058888202483252,-0.0002174316591817,-0.0001609231194014,-0.0012714607053625,-0.0076857951248601,-2.231645783568048e-05,-2.756502807969325,-1.0323931804842694,-0.8809523163901769
19,19,-0.5994000474663883,-4.176875473767732,-0.5638694074324355,-0.0010301508047185,-0.012543475226464,-0.0149963417699021,9.239072147182448e-05,-0.0712764200357353,-0.0057805234071239,-0.0005264951036773,-0.0227593861899791,-0.0026770836526981,-0.0011391121560698,3.4625043701441705e-05,-0.009067424411254,0.0009768042175292,-0.0017859619280111,-2.4541511039666157,-1.057338519867737,-0.7705310898810509
20,20,-0.5713081934834858,-4.351188553422476,-0.5307832574547002,-0.0065885675086131,-0.0231048221802433,-0.0129219248388937,7.236265615606641e-05,-0.0608331207713545,-0.0071605402065801,0.000585353138454,-0.017024847952984,-0.0085405197455481,0.000355745229736,0.0002108277264184,-0.005505575617122,-0.012984602016807,-0.0015977036620387,-2.706523465524074,-1.057300102276874,-0.8767931816953827
21,21,-0.6091994889603587,-4.065899819284213,-0.5138686429692547,-0.0019704316602118,-0.0353742260812219,-0.0181828583569753,-0.0001836841388749,-0.0554769229260954,-0.0051659736245133,-4.73381243627502e-05,-0.0082475376318991,-0.0016283013961762,-0.0028198431505171,3.9814018741868296e-06,-0.0049348035878633,0.0024047038627587,-0.0013046616613513,-2.6543910633232226,-1.1089617220335597,-0.8070698961673672
22,22,-0.6531197058918892,-4.031049825039264,-0.5850787035024483,-0.0006980511229218,-0.0179874321787082,-0.0192905727828128,-0.0001166380019361,-0.0731502274510432,-0.0079688706540672,0.0008583299570571,-0.022816499976108,-0.0025233177902508,-0.006139987340425,-3.245571000021208e-05,-0.0068363343487699,-0.0054043803326038,0.0002149422410647,-2.6059646948593755,-0.9833102745539676,-0.846548457616582
23,23,-0.5630873460736987,-4.266346847151938,-0.6097456272670116,-0.0066221626602031,-0.0122726017710292,-0.0170066108589439,-4.287731614593948e-05,-0.0686081985516239,-0.0105291530088141,0.000620814233437,-0.0148039343539039,-0.0053555874886146,-0.0007968454059706,6.096372535113748e-05,-0.0054357727093774,-0.0069654807137045,-0.0003057404094254,-2.5620318920081075,-0.8739363081529992,-0.8067441259837649
24,24,-0.6745052402875718,-4.139554183206816,-0.614001298781504,-0.0022088894435008,-0.0386208607061863,-0.0251149207428692,-0.0002036501209786,-0.0462168261266772,-0.0095710695706719,0.0001926582837168,-0.0318038110391473,-0.0072929570526384,-0.0012101161550818,3.285444577716401e-05,-0.0037277736440007,-0.0107000432331223,0.000874898670831,-2.8035210852330223,-1.09898761855532,-0.8736105911764487
25,25,-0.6385325929135997,-4.177909089475086,-0.5502063048680765,-0.0018750826527844,-0.0199808304623791,-0.0186433036709695,-0.0002009994518732,-0.0620783724019075,-0.0074358140375261,2.87579237445712e-05,-0.0247602656721086,-0.0015326150386572,-0.0017531400047048,0.0001662144980441,-0.0028744551591216,-0.0052199747413873,-0.0010314778768732,-2.2961726556592152,-1.0507485949872155,-0.7614679225619732
26,26,-0.6100509050938874,-4.227290555828499,-0.4912322013325603,-0.0020393723798977,-0.0270694487276327,-0.0130578667285456,-0.0002092526267741,-0.0612609731667483,-0.0101150856692565,0.0009015970072268,-0.0366440170751196,-0.0004970521324406,0.0005438242135115,-7.820005036007771e-05,-0.0154447365280929,0.0029500033967765,-0.0011423200081676,-2.609886762722244,-1.121924947804322,-0.7552940351873803
27,27,-0.5458437665159401,-4.26105092720347,-0.5328643773444837,-0.0053142717005189,-0.015264788393432,-0.018613267964532,-0.0004299063507521,-0.0650964054171576,-0.0063819716719283,4.319048049872265e-05,-0.0143130195875953,-0.0087095822670006,0.0008421452750004,-7.288101765867694e-06,-0.0058418082605371,-0.0113293901202569,-0.0017388635005699,-2.591650660775233,-0.9975561267146148,-0.7718500049554331
28,28,-0.5369352772028642,-4.369792267580813,-0.4737239538289066,-0.0065068180786072,-0.0327524992676665,-0.0013136987837313,3.995123468447659e-05,-0.0817496982116467,-0.0047487805900925,-0.0005611771536164,-0.0016034524335482,-0.0046845054070483,-0.0003761159289883,5.131841818206695e-05,-0.0090361001834141,-0.008456307120682,-0.0028311749870894,-2.574760154718632,-0.9373026880457164,-0.7349457205792227
29,29,-0.5485122941131739,-3.8122966708550017,-0.4927401253915395,-0.0020866152323941,-0.0218373960396983,-0.0045831798084329,-0.0006255132887951,-0.0596566313735007,-0.0086672499217032,0.0001860661129422,0.0032931832888126,-0.0064898556555625,-0.0045999419264864,0.0002180690792982,-0.0050132886989723,-0.0041963297808662,0.0003076260567023,-2.528343655472078,-1.0078117171719878,-0.7162572001674379
30,30,-0.6585488298439919,-4.1451078282343765,-0.5653951587446464,-0.0008854691040457,-0.0247724891078033,-0.0046936531908804,-0.0002951301092795,-0.0849214308510024,-0.0033190553755014,0.0001277911084271,-0.0164950322483782,-0.0043935873712479,-0.0012338127153265,-0.0001742554408378,-0.0080759971253748,-0.0048316954753433,-0.0007285419015516,-2.413244259885992,-1.124371718888031,-0.7256594537165768
31,31,-0.5806898456009424,-3.870586197121807,-0.5368791011044143,-0.0006480780333457,-0.0177178087492621,-0.0187318259213266,0.0005297484798862,-0.0783497960001309,-0.0047912450902066,-0.0003853776079374,-0.026253191323926,-0.0025015878881299,-0.0006194275870834,4.612768448764015e-05,-0.0010651911637004,-0.0061860023889507,0.0003680617595261,-2.6698997886240976,-1.0285194762440246,-0.8206074846338767
32,32,-0.6236523814757973,-3.8738017452764,-0.5940925744362269,-0.0017381832823675,-0.0262150275276248,-0.0204189618041084,-0.0002652002485541,-0.0506657374451179,-0.006318372537524,0.0007545385039849,-0.0235015026358822,-0.0029728071173841,-0.0028489188704481,-0.0001416746232012,-0.0144377291092447,-0.0100045903623994,-0.000745456710523,-2.295642952187528,-1.0362552275098644,-0.748656638209052
33,33,-0.6343067217107778,-4.506731754830789,-0.5683877993052704,-0.0027604425775965,-0.0360125410645698,-0.008391037519648,-0.0002714267602111,-0.0634207899423507,-0.0074870394061091,-0.0012573841978613,-0.0397667663603831,-0.0034088924472492,-8.416526082632991e-05,-4.449202268663744e-05,-0.0065823770401685,0.0044037819535459,-0.0010419142744421,-2.641228358033394,-1.0428856503377446,-0.8297598819140242
34,34,-0.5906696455776919,-4.125950838845581,-0.6265055247238436,-0.0008818213278448,-0.0238959204591302,-0.0074225955054771,0.0001864613196848,-0.0825999190931612,-0.0076117253891256,-0.0005573434154679,-0.0101804576003636,-0.0127096005019168,-0.0009066342587923,2.202121279293312e-05,-0.0081134061677921,-0.0075051286290456,-0.0009662486260439,-2.809006657710025,-0.9965905576158454,-0.8986834931104861
35,35,-0.5507932655341021,-3.781709234927111,-0.5346978111549492,-0.0070101805192992,-0.0270143285003054,-0.0115216264740966,-0.0002372495224776,-0.0515455862231494,-0.006821693872331,-0.0008963629141383,-0.0267462083199101,0.0029123367728153,0.0006054717643827,-0.000411467034346,-0.0011782287828678,-0.0061301443573366,0.0012530998788307,-2.4137167497379908,-0.9838369791336944,-0.7601077670951071
36,36,-0.6241419773676526,-3.9039823693519375,-0.494547682518446,-0.0030570134308395,-0.0075306915731947,-0.012606106276624,0.0004199949826714,-0.0777346704881273,-0.0140094379348576,-0.0002140224004232,-0.0159418884983533,-0.0007491633894396,-0.0020581461594016,6.764244355961235e-05,-0.0088238437991178,-0.0058623071333994,-0.0013279732627131,-2.3405405919337987,-1.054497241144247,-0.6816982568133492
37,37,-0.5824456128189806,-4.141392195271919,-0.5628982379106862,-0.0022474614718108,-0.0111917574407355,-0.0178485562709848,7.933180085406555e-06,-0.0795450382496277,-0.0086203527154413,-0.0004201534010189,-0.0216301780395486,0.0006330054157484,-0.0078406348616156,-5.420365893593626e-05,-0.0014913645438927,-0.0041938722824007,-0.0007562019584828,-2.5571636769847395,-1.042677650039968,-0.8036493262275262
38,38,-0.5895753452285273,-4.461860155898749,-0.5577919601281311,-0.0016627444781055,-0.0382789658189214,-0.0259791210960379,0.0002702387026722,-0.0431746154519169,-0.0146080022796974,-0.0001855900195527,-0.0220833488466642,-0.0036329547502891,-0.0018365548175702,-0.0001003657895121,-0.0073469338001734,-0.0112417381699385,-0.001656011733362,-2.634559548042719,-1.0720420935630277,-0.799187466903873
39,39,-0.5696783975762147,-4.28913768941548,-0.5681481722159458,-0.0042938415464609,-0.0300274911915312,-0.0073648330628599,0.000268519678517,-0.0683046789184678,-0.0051313190388199,-0.0011132540153138,-0.0196064383281963,-0.0007394486102679,0.0019780583358853,-3.475620246240485e-05,-0.0116115480998045,-0.0071811953850589,0.0003189030946894,-2.3449511033002066,-0.9370366513343076,-0.7775452789255628
40,40,-0.5942512781082865,-4.1145991883494615,-0.5277039398035515,0.0010772475959383,-0.044507106165142,-0.0137266779580773,-0.0004504445001773,-0.0455358931130561,-0.0040113235016295,-0.0015441609662744,-0.0191904996697711,-0.005782038706382,-0.0001201818446471,-2.767512595880373e-05,-0.0047374081273721,-0.0004011940943153,-0.0019953858873431,-2.5798204344237776,-1.0981992926427997,-0.7696596930795687
41,41,-0.5735895149360912,-4.0859865901556445,-0.513254200597846,0.0053042361344693,-0.0335677102574916,-0.0138278939408981,-0.0007291877288404,-0.0490211165004966,-0.0069733004094404,0.0001074891404528,-0.0210107624090815,-0.005944706873508,-0.0012300185764451,0.0001572867116885,-0.0023210378107253,-0.0061911282275413,-0.0007687573805034,-2.709101743060505,-1.151885788024556,-0.7697310719215218
42,42,-0.6534928976134871,-4.051194194240809,-0.5685054349658822,-0.0076523043504462,-0.0185372513725005,-0.0152033206698624,0.0004069267036971,-0.0682027479457155,-0.0109659488522803,0.0013035863377602,-0.0018413147970394,-0.0070392305825884,-0.002054382972027,-1.3134404718284642e-05,-0.009263998966459,-0.0045889526118993,6.43844314870412e-05,-2.3777607447264195,-0.9778353498458884,-0.8107411163128948
43,43,-0.6165355471238263,-4.499259736134344,-0.5040643824976041,-0.0010539551751578,-0.0368650142562637,-0.0204169001783915,-0.0008414941148608,-0.0454565454682784,-0.0064443782653133,0.0002183029971424,-0.0182918953229866,-0.0004321343757279,-0.0035234205288138,3.000789859752828e-05,-0.0056274618442728,-0.0047681792670776,-0.0007754879936531,-2.7234947779349543,-1.05591895937678,-0.7649234237654581
44,44,-0.5981630921440906,-4.162201287214336,-0.5343797779042807,0.0009325185222528,-0.0328860826586682,-0.0181438174645949,5.265199871007376e-05,-0.0583052119980516,-0.0071235720944405,-0.0003390366785611,-0.0246875897139645,7.997803413040128e-05,-0.0008568157078814,-3.14075831675531e-05,-0.0049899359188174,-0.0028152523463078,-4.546535419591713e-06,-2.5178226622981423,-1.0600190345879792,-0.7557044399440118
45,45,-0.6262014181822515,-4.467423147162591,-0.6098142699794538,-0.0009138596607484,-0.0373142869406567,-0.0114347547939848,0.0004237372726341,-0.0581453069476883,-0.0063141359509736,0.0002165771921088,-0.019721797973717,-0.0012449435806312,-0.0021000869819337,-3.880005706202727e-05,-0.0070400972273644,-0.0057268872494578,-0.0017665898657046,-2.5414329108130254,-0.8965477650119167,-0.7901811283473541
46,46,-0.5936486075862026,-4.215453381818439,-0.5517802026190075,0.0017186810946587,-0.0349554099025462,-0.0181964645497377,-1.632967195941415e-05,-0.0560051143831159,-0.0037174081654403,-6.725081115666054e-05,-0.0324604524098403,-0.0016322214481209,-0.0021787567828771,0.0001338084548048,-0.0092486471918995,-0.0043547651098787,-0.0023227557979352,-2.409655289066791,-0.9045146864615764,-0.8371217449192383
47,47,-0.6243363746527655,-4.442480921348545,-0.4762379567337738,-0.0008413298215522,-0.0330051772402089,-0.0155928796865237,-0.000399645988132,-0.0450497227089812,-0.010656014835827,0.0007242257474666,-0.0141447420336433,-0.0031900791802903,-0.0018097160464025,0.0001271174185507,-0.0108026758755285,-0.0024439262201,-0.0021181901090444,-2.389844067683521,-1.1356584459847647,-0.7075306878971024
48,48,-0.554656668616393,-4.15161244410547,-0.4806404181140993,-0.0053088312574046,-0.0261588492099222,-0.0121407092644494,-0.0010583443624798,-0.050576959567684,-0.0102216619253516,0.0006680711283562,-0.0166284233658009,-0.0075612532042305,0.0016689104219125,-2.1559674260873685e-05,-0.0094671875626728,-0.0030967472598257,-0.0021955892302891,-2.532569719282296,-1.0817380341011842,-0.7353305546295998
49,49,-0.5933991256607858,-4.110418236628105,-0.5606354881251745,-0.0032105815965897,-0.0194627886738084,-0.0119139455754946,-0.0006840034152868,-0.0562869685768786,-0.0079797935309594,0.0005263025602949,-0.0287491533512419,-0.0062366032159396,-0.0030818873141366,4.943907341781184e-05,-0.0086103900266655,-0.003361708540683,0.0011516875019879,-2.543811522258584,-1.0738744513175345,-0.7580948910130276
0,0,-0.23233506606323,-0.0276424363988748,-0.1474157678025734,-0.0070502082850266,-0.0078717983643524,-0.0046469563191627,-0.0023954229698314,-0.0224299684815293,-0.0026099929629945,-0.0059421985215903,-0.0112203390549933,-0.0053986122046598,-0.0059926906559095,-0.0036429882802875,-0.0113342873465571,-0.0075085489665205,-0.004880147305005,-0.2054556970337203,-0.0689312675353199,-0.1523321239958407
1,1,-0.2130293158940985,-0.0253227497949933,-0.1538395391365209,-0.0099046946767757,-0.008602736099997,-0.0081246918951667,-0.001698708733743,-0.0207328302750184,-0.0024718762743037,-0.0085216076760932,-0.011138530022244,-0.0055326451362829,-0.0030885043929207,-0.0051666654773766,-0.0121409350008954,-0.006941624777598,-0.0040977783257664,-0.1735179027277577,-0.0692422444702035,-0.147188111127633
2,2,-0.2092271910569059,-0.0274635483747748,-0.149007693803162,-0.007450101803014,-0.0081801414389036,-0.0080329731492989,-0.0026769064964738,-0.0209117139588838,-0.0018448160830555,-0.0068099827997264,-0.0127889447411265,-0.0052929615946564,-0.0056891379890281,-0.0050756394991716,-0.0124802592809727,-0.0057471924724337,-0.0043865872587163,-0.169552721925238,-0.069795291544802,-0.1513353070936481
3,3,-0.2491219822927471,-0.0217507879093455,-0.1363780619194773,-0.0068453947069205,-0.0092919980864942,-0.0061423724671952,-0.0022341044616954,-0.0243526530173762,-0.0026240600903256,-0.0046720044093144,-0.0160209056148423,-0.0043585640955058,-0.0055933071410936,-0.0048188611137549,-0.0093396233484411,-0.0073425708468217,-0.0056858054682185,-0.1995052952859352,-0.0601641560593492,-0.1565836641645496
4,4,-0.208977190968331,-0.0281379761379745,-0.1535763397861059,-0.0091868272354641,-0.0065721490424061,-0.0063295565545246,-0.0024480782848478,-0.0172349408536679,-0.0023175801874691,-0.0070509998812621,-0.0097310809401943,-0.005841200300808,-0.0047992042168627,-0.0048817280178116,-0.0113709595554452,-0.006516502909261,-0.004665633822705,-0.1778527834640435,-0.0786359175787457,-0.1536776354051482
5,5,-0.2316435955661694,-0.0284733745816897,-0.1370152386520223,-0.0058165305406233,-0.0060803701962068,-0.0071275474917157,-0.0029359878227074,-0.0152297253088259,-0.0019713184586513,-0.0065140509380393,-0.0147897428807355,-0.0048960406580625,-0.0045908600783586,-0.0071456296286751,-0.0109141544758686,-0.0065292585817251,-0.0040581604204015,-0.1851246813944452,-0.0720093541228473,-0.1478100973761237
6,6,-0.2470683202673107,-0.0229599918783733,-0.1530786936487785,-0.007971561004043,-0.0068486108259387,-0.0066212958116133,-0.0036327381642043,-0.0227263618984042,-0.0024550113257159,-0.0064609424108622,-0.0097451530662296,-0.0043809506812927,-0.0041407269855645,-0.0061149220566415,-0.0108786650858616,-0.0091695575269472,-0.0053124677967668,-0.1981532671247423,-0.0793129536866085,-0.1502520459832198
7,7,-0.2312565917084706,-0.0240538662675383,-0.1546183552615632,-0.0065846326828978,-0.0066385440901431,-0.0073787181815749,-0.0029557377981915,-0.0201660325484441,-0.0020480945595486,-0.006495683552759,-0.0101190443100538,-0.0057211851414902,-0.0049728029956698,-0.0055447294148616,-0.0109381882861877,-0.0066599769830105,-0.0046259449912452,-0.2001411340697733,-0.0738793153928414,-0.1496836107562421
8,8,-0.2155249800259624,-0.0208191566572528,-0.1299118130920866,-0.0089555761515948,-0.0061323046215158,-0.0073496516411833,-0.002921024149468,-0.0228988707111561,-0.0019075117103662,-0.006261104087182,-0.0158479836365134,-0.0054185671178076,-0.0054735091908806,-0.0055725417557133,-0.0133073845617047,-0.0074122885393882,-0.00492047753263,-0.1662573657633491,-0.0719210561787975,-0.1288915897082626
9,9,-0.1966333963996659,-0.0272084575177041,-0.1331177521657516,-0.0075319589118586,-0.0076362466118716,-0.0068956936026799,-0.0048216341488738,-0.0210663914690567,-0.0018441586294944,-0.0069452105799474,-0.012572370559035,-0.0067617831842484,-0.0052712427863936,-0.0056081184053464,-0.0099265118914864,-0.0075033765414374,-0.0035296064697255,-0.1472253635209323,-0.073258025857965,-0.1378370056371278
10,10,-0.2232575107910938,-0.0229471857898727,-0.1259938324701726,-0.0075040618457513,-0.0069012055475,-0.0084922943039703,-0.0042554786898675,-0.0184666897442019,-0.0027595395100071,-0.0065027296034134,-0.0127416334264403,-0.0054730474950139,-0.0044800924179656,-0.0047559228799914,-0.0119918348454222,-0.0052339471342331,-0.0057393429108495,-0.1950873255168693,-0.0758599494832787,-0.1328669521542834
11,11,-0.2403721238604921,-0.0254524459372338,-0.1600576473240601,-0.006726337122116,-0.0097720722004993,-0.0057711594093455,-0.0028427494518336,-0.0236416228899685,-0.0024104242245182,-0.0058596583884011,-0.0122137452071604,-0.0062084345573282,-0.0041782693201495,-0.0052054597587775,-0.0121689321273843,-0.0056397098128652,-0.0044860180940374,-0.2016160718484999,-0.0699782071171981,-0.1377525112574343
12,12,-0.2509486491240126,-0.0192248498350368,-0.1380906453869881,-0.0102358337591037,-0.0080016761040282,-0.0062361345885982,-0.0032379569646906,-0.01830372268816,-0.0026884300999479,-0.0060195831054259,-0.0143445145046702,-0.0057533838228269,-0.0047456562968201,-0.0048395070092616,-0.0097241919984116,-0.005589721304641,-0.0053041374756345,-0.2026358890450315,-0.0742061256725979,-0.133887438466301
13,13,-0.1906554352775469,-0.0216265530980023,-0.138581788212991,-0.0097433208363164,-0.0061049130872135,-0.0060952726336175,-0.0046116779224385,-0.018652843927047,-0.0022382209807866,-0.0074917778018749,-0.0124159539699578,-0.0043829622654398,-0.0045722034049449,-0.0053615005456514,-0.0100080929267134,-0.0070545087305815,-0.0033961622507796,-0.1585939676160492,-0.0592577293008173,-0.1378283747890101
14,14,-0.2284186716512768,-0.0285530996566077,-0.1379889339260507,-0.0071077157475505,-0.0063994232255225,-0.0087311831008634,-0.0031929400465781,-0.0214081410891846,-0.0022962817505232,-0.0075523869558824,-0.0148095807486002,-0.0073392181329815,-0.0046847907611992,-0.0056060392374519,-0.0139339226113244,-0.0085891820629571,-0.0038298335768353,-0.1923734080487837,-0.0675285082886272,-0.1467488493462335
15,15,-0.2031603286571436,-0.0231028640428044,-0.1430365921646231,-0.0111619442310695,-0.0058145764891471,-0.0073346705796994,-0.0025856487089971,-0.020963974912828,-0.0025791650399809,-0.0061390862939639,-0.0146374895483641,-0.0057350143384561,-0.0037344343461125,-0.0058051023822384,-0.012514013180555,-0.0086877505601233,-0.0046298353374747,-0.1601221555769115,-0.0685112227548446,-0.1419350045202825
16,16,-0.2044526739461784,-0.0230584059197992,-0.1382614688582456,-0.0079188621755988,-0.0066129866470533,-0.0077154768563981,-0.0041332748746507,-0.0225534179600632,-0.0026557801227388,-0.0069922211627391,-0.011330780450232,-0.0058926782862835,-0.004891359517829,-0.004984626437583,-0.0123310956514233,-0.0060195588399907,-0.0041732387975735,-0.1665498998844465,-0.0653009733963819,-0.1463148242448962
17,17,-0.2075112038143608,-0.0249403265045852,-0.1311961245729972,-0.0086608330215262,-0.0062885441997505,-0.0108169308204463,-0.0028912647969628,-0.0227237828902737,-0.0026275431061275,-0.0069340735640304,-0.0115416414887996,-0.005595911381907,-0.0047699453255778,-0.0061118747520692,-0.0088047714107307,-0.0081596434992626,-0.0030029993661822,-0.1583686338069918,-0.0606599122684862,-0.1439022201101919
18,18,-0.2454017355901828,-0.0222461959831065,-0.1623004249107142,-0.0069914947478848,-0.0074455617735137,-0.0072828998898705,-0.0032070834665316,-0.012459704969475,-0.0026732299016668,-0.0070590664726087,-0.0155192679568605,-0.0062259834740436,-0.004039139963619,-0.0050732387599052,-0.0127969884752466,-0.0071206374393889,-0.0032090281245321,-0.2010802110778095,-0.0813927496145431,-0.1391049131694114
19,19,-0.2149118322552974,-0.0218064897160226,-0.1496502450905886,-0.0081650194256979,-0.0071141275325458,-0.0076281684021156,-0.0015173074828973,-0.0232985793764028,-0.0027720548791423,-0.0069856063078879,-0.0158318242983063,-0.0056857375866145,-0.0050977908852737,-0.0060210837004287,-0.0126739222058823,-0.0056919990101269,-0.0044246620012355,-0.1842997769655771,-0.0549454373336135,-0.1480880498257906
20,20,-0.2328518488863452,-0.0239577067483681,-0.1588226999719474,-0.0076197139604428,-0.0074548483009541,-0.0082304194084681,-0.0027708045367765,-0.0173077029148173,-0.0023223919200449,-0.0063655609041287,-0.0096942195754263,-0.0050701586692777,-0.0050559630968384,-0.0056856173727647,-0.0095460475172765,-0.0089883054108421,-0.0036039359047665,-0.201693723160372,-0.0725377547795559,-0.1376520996634078
21,21,-0.2141086833008045,-0.0261704112658703,-0.1460760558893886,-0.007521127666787,-0.0073211381818029,-0.0067096928800083,-0.0012086178159219,-0.0205072906022293,-0.0024593686247791,-0.0073627577267437,-0.0135652276443493,-0.0056364265552739,-0.004779576197779,-0.0050549772841809,-0.010530359741433,-0.0076573560600508,-0.0052140438601177,-0.1852371990569105,-0.0705299595977332,-0.1321279914168052
22,22,-0.2098427113989339,-0.023440600546675,-0.1379507455013768,-0.0063475208944248,-0.0078837234929834,-0.0083036655667551,-0.0016504348805737,-0.019005407021332,-0.0024201365172199,-0.0079332050495309,-0.0107384183807922,-0.0048475596861488,-0.0029974857156082,-0.0043036521144516,-0.012129810447661,-0.0090999030019213,-0.0038222858243154,-0.1929308939096422,-0.0547613767167468,-0.1278960590930723
23,23,-0.2191368266257385,-0.0226845744292955,-0.1525881900279223,-0.0068941480453627,-0.0067836881446141,-0.0061700812568168,-0.0028005933546672,-0.0187499128860588,-0.0021982903641726,-0.0066631943742097,-0.0122696947520122,-0.006798746140043,-0.0043295463305559,-0.0047010852693086,-0.0069217047320841,-0.0075657106690519,-0.0039286262923712,-0.1939175440286726,-0.0702754409170212,-0.1451720683119759
24,24,-0.2174113567474648,-0.0279367961380295,-0.1411607411181403,-0.0064385831577595,-0.0085068017141858,-0.0092326565151338,-0.0019751722390899,-0.0173251026023276,-0.0022810832387071,-0.0058114363160584,-0.0069768472888966,-0.0072145023731953,-0.0037153755801864,-0.0058168952113675,-0.0115597817957637,-0.0057778773780018,-0.0043475396032481,-0.1772940122250162,-0.0579957758694924,-0.1432692610933633
25,25,-0.2024098614909212,-0.0232190811252395,-0.1500102597772249,-0.0050857390865568,-0.0075862922095422,-0.0084614665171345,-0.001570559636958,-0.0255730028995246,-0.0007763745890538,-0.0058018635876225,-0.0123151257461434,-0.0049516497605305,-0.0052154527227177,-0.0036110393762325,-0.0083922348434811,-0.0093183216101089,-0.003939304467917,-0.1681880201972461,-0.0710507277409845,-0.1413822709446526
26,26,-0.2205620453218268,-0.0195667900932976,-0.1512533612783654,-0.0060693787126155,-0.0075255012476234,-0.0075106575238641,-0.0018602557338369,-0.0205011977081008,-0.0030761701440343,-0.0080382169447754,-0.0109221676988453,-0.0057266272163911,-0.0052862147652973,-0.0073893993202817,-0.0085294466276522,-0.0061701227437808,-0.0050257889202919,-0.201064193545583,-0.0752717865066526,-0.1248889691411697
27,27,-0.2088540155145858,-0.0275883847224446,-0.1635844127240033,-0.0116534166734656,-0.0063601420752846,-0.0082663041827808,-0.0025696583035175,-0.0221139845815688,-0.0022168579213712,-0.0051216451501528,-0.0157874883814569,-0.0045228820767724,-0.0055723513376384,-0.0056553794535313,-0.0122707200352585,-0.0061563522125644,-0.0040650270286011,-0.178131804533565,-0.0740203410443698,-0.1478909523531391
28,28,-0.2305581948378019,-0.023161703141227,-0.1697150697657543,-0.0067493850216222,-0.0091891478022675,-0.0054921704183754,-0.0036943656002935,-0.0259092875542643,-0.0027991141345232,-0.0054998311472506,-0.0084078494601895,-0.0055430784089608,-0.0046178788441507,-0.00518648866676,-0.0098103193800765,-0.0072776482904288,-0.0051487742444867,-0.1912467871532168,-0.0735315350405863,-0.1552324653802671
29,29,-0.1946067149102054,-0.0245248895545074,-0.17368353767812,-0.0086238270018487,-0.005351224154269,-0.0072773181742755,-0.0015054502655341,-0.0193600979821142,-0.0022391274941743,-0.0061397507146432,-0.0130655714367282,-0.0075405550838937,-0.0064828991285653,-0.0048667189172042,-0.0108822885721061,-0.0089524443808008,-0.0053950270448571,-0.154140824018528,-0.0716062683916471,-0.1594387189992714
30,30,-0.2258084719884524,-0.02960178217797,-0.1675180654798101,-0.006407206049219,-0.006850418252276,-0.0064501551487703,-0.0029491086978222,-0.0218176119553561,-0.0024670245264702,-0.005744218676022,-0.0113276559622887,-0.0062027804145544,-0.0041481050811092,-0.0048172900611294,-0.0091103458379908,-0.0072083919278944,-0.0049891258541444,-0.197460701475596,-0.0687227467797476,-0.1557786828488424
31,31,-0.1926990816090686,-0.0259447865622156,-0.1451421211500775,-0.0078289345934504,-0.0073571865874865,-0.0077896570655525,-0.0016385805047506,-0.0218784855551886,-0.0019675153134123,-0.005501771080081,-0.0146708959864934,-0.0065490853494772,-0.0065490219938162,-0.0054393331935527,-0.0086341884135319,-0.0079281870372925,-0.0033082508740368,-0.1624690587660292,-0.0610614181514354,-0.1437850971329763
32,32,-0.2245551371165683,-0.0284188417863539,-0.1343004556763819,-0.0071974581986048,-0.0066651296364422,-0.0087333148374129,-0.0012109496545542,-0.0236695567715934,-0.002353817768334,-0.0064605639059774,-0.0157505389649664,-0.005819871844136,-0.0048691048716988,-0.0050830229804039,-0.0117212633236707,-0.0052073374820912,-0.0049990851187149,-0.2041750116206078,-0.0705957348605211,-0.1375007756569738
33,33,-0.2055312340360007,-0.025748557389984,-0.1575350825883901,-0.0063629826954003,-0.006035387026282,-0.0066543412235767,-0.00293946736603,-0.0270887979305209,-0.0022478745250327,-0.0076143727155257,-0.0134958525982066,-0.0055692720534787,-0.0053535519623041,-0.0054007622316404,-0.0115454526064114,-0.0072009434218837,-0.0050441510772577,-0.174419627087718,-0.0748784212790739,-0.149203336114607
34,34,-0.205288898945308,-0.0234208321315446,-0.1281539741259799,-0.0068867300785023,-0.0087666784124688,-0.0100284670218403,-0.0020160553856312,-0.0212388487788639,-0.0028660163554611,-0.0056186039320392,-0.0135258239775709,-0.0070741570973713,-0.0051192312424117,-0.0054592974124949,-0.0115060628817661,-0.0081413562884342,-0.0042763478436572,-0.1690843262270434,-0.0725647526546887,-0.1229851281409141
35,35,-0.2431972915015219,-0.0219682559304049,-0.1800859936500839,-0.009428948236955,-0.006799929305375,-0.0066755472625569,-0.0035245982272287,-0.0256607116978884,-0.003141596766538,-0.0092134208025651,-0.0097332744789059,-0.0048838433930954,-0.0056096404781071,-0.004608565527409,-0.0108061242952941,-0.0111824458339,-0.0038076539028004,-0.2040340000621328,-0.0755902844843683,-0.1588632238942849
36,36,-0.2295777151841004,-0.0266936274137336,-0.1572621904964898,-0.0061573051591591,-0.0059984327109636,-0.0073069309847014,-0.0026319110055721,-0.0257422067855818,-0.0025859278016044,-0.0066374688510857,-0.0092604146046547,-0.0041631747065103,-0.0055504896003087,-0.0063962146118279,-0.011325419085995,-0.0063727229459615,-0.004929379763356,-0.2052210752575985,-0.0847845112223323,-0.1407437637615015
37,37,-0.2083535919652742,-0.0246699550703226,-0.1455809724867321,-0.0072780527506014,-0.0061217660194111,-0.008199605652031,-0.0012550609852156,-0.0183412489451426,-0.0023955174553781,-0.0060411509795127,-0.0151138263586413,-0.0058567336393535,-0.0046051086621505,-0.0032769365622095,-0.0112892324195441,-0.007381487631019,-0.0045274762115756,-0.1646085501219307,-0.0727105499082805,-0.1412089575967132
38,38,-0.2274529330357126,-0.0235236254256949,-0.1348152145845554,-0.0107910232525909,-0.0075657945750955,-0.0078780957690034,-0.0015796584403385,-0.0236707368108556,-0.0020191238774995,-0.0059666590745387,-0.0092573876057814,-0.0061452356001341,-0.0036776653917074,-0.0060746828056277,-0.0106800457036033,-0.006141840527771,-0.0044414485004951,-0.1943500952720875,-0.0714400201821235,-0.1411611618153737
39,39,-0.211391794451778,-0.0243645197039602,-0.1331425098642452,-0.0085944538734058,-0.0073799704799843,-0.0058780199893121,-0.0016265975083715,-0.0191399285496322,-0.0028377937505116,-0.0079689777639395,-0.0162117409784067,-0.0050934631425079,-0.0041932363101611,-0.004928869287996,-0.0109620171020637,-0.0072668247019623,-0.0052744124063908,-0.1793579365601045,-0.070918173322844,-0.1413075876559916
40,40,-0.2279424249925248,-0.0269570114340763,-0.1373658383478283,-0.0081099383072797,-0.0060449629594738,-0.0070627893769875,-0.0020934131104094,-0.021475221019007,-0.0025817228586261,-0.0058770111306426,-0.0105165429412141,-0.0042890966915339,-0.0065988539243209,-0.0055274810763439,-0.0122481760383724,-0.008980878591387,-0.0036764824429179,-0.1865202008063604,-0.0627765373905452,-0.1475577129388653
41,41,-0.2333714367869159,-0.0225700703638196,-0.1405953525815013,-0.0070634315509312,-0.0092132416802297,-0.00748277398128,-0.0031705388177755,-0.0223324208784826,-0.0022159574067228,-0.0069755986575849,-0.0128468816901693,-0.0052993175297246,-0.0049720203982149,-0.0058835784301863,-0.0113384474369707,-0.0065330808259042,-0.0042808294714806,-0.2130681787132216,-0.0714391147001904,-0.1480958823762791
42,42,-0.2003613961062263,-0.0256817251077295,-0.1461286874025855,-0.0071929775043071,-0.006371529680508,-0.0074231570783641,-0.0012395253362161,-0.0218870018553779,-0.0028051512170779,-0.0060106240399626,-0.0131469483043225,-0.0065981407034307,-0.0061153301817317,-0.0044453466337909,-0.0141561792430949,-0.0068483799585865,-0.0055442110247305,-0.1610507049692962,-0.065167090717859,-0.1639730592097978
43,43,-0.2012822064194688,-0.0268135608834727,-0.1449707873991998,-0.011334247612617,-0.0062093595988368,-0.0069170996535322,-0.0047549617764894,-0.0165897078301489,-0.0025527860922167,-0.0050567087222045,-0.0143448388740196,-0.0082564338968444,-0.0055021890327445,-0.0043457716471736,-0.0099051086186991,-0.0098309478081008,-0.0043713802462033,-0.1659752894988502,-0.0643297955643878,-0.1455338529007002
44,44,-0.2203555817573254,-0.0210172789127141,-0.1370910231651723,-0.0078995744694516,-0.0075267576941336,-0.0077966069567338,-0.0040056414958318,-0.0173840500830106,-0.0024864152850746,-0.006556930740344,-0.0143232917965967,-0.0058636650055541,-0.0055611785283005,-0.005126010638728,-0.0116809594729708,-0.0067236198671288,-0.0050442942381947,-0.1946710817819796,-0.0719850418784655,-0.1394088497791465
45,45,-0.1842966924424758,-0.0238964913230453,-0.1547753791156761,-0.0061145678183092,-0.0080645094075513,-0.0082702552889075,-0.0029227621137888,-0.0215213650200122,-0.0019837024866329,-0.0054679033248887,-0.0109364536340278,-0.0056433477694242,-0.0046024028508556,-0.0037342839503254,-0.0109374594966731,-0.0083087280652263,-0.0054324254419991,-0.1563414556609101,-0.0712009157399249,-0.1509064735203995
46,46,-0.1846011496340439,-0.0229870229311879,-0.1350836384521391,-0.0069249552906859,-0.0069594677912215,-0.0071619427055362,-0.0022571236477074,-0.0246549229569963,-0.0024427310986344,-0.0070069182715425,-0.0103246461650252,-0.0044669236405012,-0.0047023445065103,-0.0064377549972033,-0.0113676406685068,-0.0088923616442212,-0.0048291056054625,-0.1576090494125591,-0.0671624564459597,-0.1328335958767376
47,47,-0.1937239756314379,-0.0240751792643658,-0.1645901454058265,-0.0072173402586537,-0.0064601478832456,-0.0080289324555311,-0.0027637984073696,-0.020842319189299,-0.0028515273243853,-0.0063164576225787,-0.0092087153644746,-0.0053251863609223,-0.0045001576091759,-0.0054756443497641,-0.0081798623417236,-0.0072690582252081,-0.0041111976373102,-0.174557482388208,-0.0691944045483873,-0.1446662672794979
48,48,-0.2021999404888371,-0.0247214271994113,-0.1631086168735629,-0.0072532793271637,-0.0061909809936722,-0.0082992562541199,-0.0027809737764206,-0.0193964869810453,-0.0021957578595174,-0.0065445863341165,-0.0136392180633264,-0.0053743027150086,-0.0050820606922328,-0.0055533383879912,-0.0126819015259818,-0.0078307539394447,-0.0043693148608064,-0.1676310951167744,-0.0700054621051745,-0.1481330833297194
49,49,-0.2097108362866011,-0.0223894618477532,-0.1404635346267321,-0.0077025030477269,-0.0075165324624275,-0.0056897296519314,-0.001660116640809,-0.0233486165609938,-0.0026481369001476,-0.0068549763505942,-0.0094629761681491,-0.0063865170115654,-0.0058341738661843,-0.0046124896604425,-0.0129317272782932,-0.0084826228354506,-0.0052492555217193,-0.1780150063338739,-0.0681512660435517,-0.1375396005640407
0,0,-0.5832430657252904,-0.0355952346160277,-0.2124475567848058,-0.0013128780008949,0.0,-0.0011137828147383,-0.0019485983373962,-0.0065321441759328,-2.942954307361134e-06,-0.0032013008941979,-0.0117220510365476,-0.0035846645516933,-0.0001172833442844,-0.0018184631020947,-0.0062376141251714,-0.0102403574761479,-0.0006968809172265,,,
1,1,-0.4536093203432546,-0.0376973839706774,-0.2294978006193438,-0.0013739339196455,0.0,-0.0009765556053283,-0.0019282773104722,-0.0040697575164323,-0.0001428897961949,-0.0005464478384562,-0.0162845949478043,-0.0051211193141545,-0.000178343315181,-0.0010845446156538,-0.0043821599851513,-0.0008280891066178,-0.0010437167564985,,,
2,2,-0.5892993685388473,-0.0341931506905031,-0.19699186790649,-0.0011062732762081,0.0,-0.0012674521246445,-0.0038963986507333,-0.0090258090578982,-0.0002243383102038,-0.0022067189097588,-0.0094874962300778,-0.0027378968697732,-0.0004432890318109,-0.0011100064810538,-0.0094579156430157,-0.0153821868776352,-0.0011305306633558,,,
3,3,-0.5932417864789333,-0.0378819853465017,-0.2249771959520691,-0.0014698937594557,0.0,-0.0010332644262173,-0.0022524469623663,-0.002524582155615,1.762178335473763e-06,-0.0009826861644698,-0.0201587920460089,-0.0047987663209188,-0.0007362441634808,-0.0006225515262522,-0.0091232920516871,-0.0060463077732103,-0.0004577719168927,,,
4,4,-0.58399375237769,-0.0279302767392506,-0.2063492877423667,-0.0025626603272459,0.0,-0.00050504721394,-0.002147126722764,-0.0033847537828582,-0.0002450156007223,-0.0033692273117296,-0.0106900572696695,-0.0022608857095802,-0.0009006361502861,-0.0008585089814828,-0.0057320693538092,-0.010597994288412,-0.0012686010254506,,,
5,5,-0.5332412413981445,-0.0281462609857641,-0.1764947181453465,-0.0013711590231356,0.0,6.08906087137262e-05,-0.0051667415857254,-0.0051321156587034,-1.4736779609947348e-06,-0.0028443615856788,-0.0055685042895874,-0.0059281696665568,-0.0013636383966986,-0.000583216454038,-0.006172537776699,-0.0023536291657655,-0.0007114999283893,,,
6,6,-0.5584660995220286,-0.0325528709127588,-0.1795165313869966,-0.0014286175631345,0.0,-0.001184848094705,-0.0037990071640828,-0.0093389728500266,-0.0002260029538547,-0.002453191404916,-0.0100038532637718,-0.0029371270726475,-0.0009148694082666,-0.0003894204985332,-0.0061140072202657,-0.0099237947135103,-0.000464363607085,,,
7,7,-0.5987035833415632,-0.0402364022158644,-0.2321250715251772,-0.0014585412433548,0.0,-0.0014137962770676,-0.0063355637688736,-0.0050824517145516,-0.0002013972269614,-0.002360768637775,-0.0169761164904838,-0.0033917930194149,-0.0010174284089691,-0.001177492971473,-0.0030501657453946,-0.0088224737679735,-0.0004834342616812,,,
8,8,-0.6223749749983573,-0.0377484245833051,-0.2086936268995467,-0.0025403776808021,0.0,-0.0011516596034032,-0.0035101699386107,-0.0019499890767971,-0.0002150877833413,-0.0008639979001044,-0.0113984309752152,-0.004284539409201,-0.0008514930457718,-0.0007958382457365,-0.0058306673576745,-0.0081795095077693,-0.001518992544004,,,
9,9,-0.5701148050126909,-0.0312211101889255,-0.221603163605378,-0.0012927550814084,0.0,-0.0010308712237747,-0.0036955956272251,-0.0075582571597739,-0.0001458652492238,-0.0052263570425503,-0.013619365793975,-0.0063758178326571,-0.0005889933678423,-0.0003490381666453,-0.0060555611519861,-0.0113163225104232,-0.000803187806298,,,
10,10,-0.5491799520932114,-0.0327669832039465,-0.2014906311411938,-0.0016017671586687,0.0,-0.0012017462092368,-0.0015140530109818,-0.0053122888287273,-0.0007708779434303,-0.0022473517226389,-0.017077631728164,-0.001953459324117,-0.0017508098636632,-0.0013359903632996,-0.0046880945622522,-0.0082947826138879,-0.0003390986453134,,,
11,11,-0.594959295465307,-0.0410045336585886,-0.2207443350991592,-0.0015256227900615,0.0,-0.0012187046345845,-0.0029283029016967,-0.0089619343906823,-0.0001764468767049,-0.0012202010647213,-0.0073541647294145,-0.0023840701751574,-0.0007904735243841,-0.0002681826905711,-0.0108978423279251,-0.0083754444691307,-0.0006680740519169,,,
12,12,-0.5676112962536616,-0.0316349760002755,-0.2047051691021257,-0.0012734474960472,0.0,-0.0007570637726701,-0.0040084690731304,-0.005375225653862,0.0002531037011179,-0.0025189583571437,-0.0078849311100555,-0.0033267222524447,-0.0004132180661535,-0.0010403752890431,-0.012182667961233,-0.0149242170969061,-0.0014774462910679,,,
13,13,-0.584722278934637,-0.0437257012551032,-0.2224230981662406,-0.0020774590923671,0.0,-0.0001106015761203,-0.0018120838316768,-0.0047911668148625,-0.0001781518120915,-0.0032004503361572,-0.0144505862789945,-0.006152300307323,-0.0007905572027522,-0.0006965629430184,-0.0063586992111681,-0.0124339919028415,-0.0017488128973764,,,
14,14,-0.4492980154542408,-0.0492323301591319,-0.1985804947889179,-0.0016472329297204,0.0,-0.0009813559590263,-0.0032100366435393,-0.0038362595504394,0.000345219725233,-0.0031528430316478,-0.0157591451131411,-0.0036510802875547,0.00015522285681,-0.0017161623547,-0.0038938956808921,-0.0095627365256412,-0.0009918239962763,,,
15,15,-0.5104370528150005,-0.0352166130370571,-0.2315137499274275,-0.0013373343885917,0.0,-0.0002023456347354,-0.0021591010496709,-0.0047954091290001,0.0003329596743483,-0.0023856002844788,-0.0149729185229694,-0.0026085879265306,-0.0013720223736362,-0.0011052400636273,-0.0038572386960304,-0.009186884949667,-0.0007482348196936,,,
16,16,-0.5475413734453644,-0.0367997640957123,-0.1795646627102781,-0.0014356287968843,0.0,8.162663463662234e-05,-0.0028507311727368,-0.0021442336848658,-0.0003740101871883,-0.0041257402763684,-0.0124251603254439,-0.0023508233465495,-0.0012190093377387,-0.001412249896155,-0.0055671431603758,-0.0167584494028393,-0.0007221374532282,,,
17,17,-0.4492030796382694,-0.0391408101951702,-0.2133350426785057,-0.0010162069753889,0.0,-0.0002025222564119,-0.0008570026670472,-0.0055613022079095,-0.0005439638174713,-0.0024346240263734,-0.0166954540206385,-0.0041235393187144,-0.0008466456809973,-0.0006381049872896,-0.0065645769274625,-0.0102558621579604,-0.0012388553903227,,,
18,18,-0.640186337960016,-0.0469257605055972,-0.2758509616856145,-0.0014615169106614,0.0,-0.0004123041967651,-0.0019444411595629,-0.0077731852793951,-0.0001808655403657,-0.0007378710409731,-0.0116230364593938,-0.002242584259785,-0.0010833358260216,-0.0013193001852216,-0.0035410849126338,-0.0109090364562225,-0.0013580517208758,,,
19,19,-0.5868370635357604,-0.0416875878081651,-0.224914758650199,-0.0011700845066285,0.0,-0.0009616620447797,-0.0033949151399451,-0.0025596437551472,-0.0003408321384894,-0.0017004397300462,-0.0152805728521429,-0.0035731238643694,0.0003511408757279,-0.000531696118444,-0.0072947223924876,-0.0088289417449581,-0.0013154892817901,,,
20,20,-0.5096031832008837,-0.0297194417143724,-0.2260365171774827,-0.0016184137981578,0.0,-0.0005906338958672,-0.0022704572916469,-0.0022613016027323,-0.0003570409430118,-0.0005733613086003,-0.0093094744843419,-0.0047829585380937,-0.0010833967681461,-0.0008476087748169,-0.009662691654048,-0.0091975556513231,-0.0012267536459871,,,
21,21,-0.5307260857207864,-0.0357167589621517,-0.1973535126606029,-0.0008640643032733,0.0,-0.0005660961348266,-0.0023644160297471,-0.0096735982261618,-1.9550012088975777e-05,-0.003506424062693,-0.0088294284741647,-0.0005294264499531,-0.0012840513021113,3.878194583017969e-05,-0.0078011949954365,-0.0153016369204003,-0.0006356762574479,,,
22,22,-0.5774614345788894,-0.0268185534778849,-0.2278650509230673,-0.0016547116614826,0.0,-0.0007657340436827,-0.001960824220511,-0.0062941132280661,-0.0005040901706766,-0.0014819049281173,-0.0113291553065226,-0.003100897296598,-0.0014549183537273,-0.0022369868713644,-0.0031223485155543,-0.0094955852725133,-0.0014184368031239,,,
23,23,-0.5734733231550363,-0.0426526956608759,-0.2070778545050221,-0.0014292274584193,0.0,-0.0009346960086347,-0.001880195992414,-0.0098967021154194,-6.276368098312446e-05,0.0002697785468155,-0.0160856262745565,-0.0034996543397944,-0.0008427432954126,-0.0006564446417434,-0.0058143881533789,-0.0053294796863454,-0.0015272050964605,,,
24,24,-0.5420401409421046,-0.039978354810936,-0.2019966411448877,-0.0015896419108544,0.0,-0.0003497362099219,-0.0048691829888586,-0.0064885974498197,-0.0001086161745084,0.0002623864663791,-0.012240877899601,-0.0046912129002213,-0.0008648021315481,-0.0010567901493271,-0.0077577417094739,-0.0064379410710447,-0.0008531483004224,,,
25,25,-0.5496411696476565,-0.0467916189333817,-0.2306100734506283,-0.001624762985382,0.0,-0.0011272543163892,-0.0041131853810071,-0.007609256840655,-0.0001347490095998,-0.0005293388744799,-0.0087410472639816,-0.0014310377516913,-0.0007796301302414,-0.0010649312532806,-0.0092073548459574,-0.0107326699380478,-0.0011078020913447,,,
26,26,-0.5508076097675668,-0.0444302633208394,-0.1858024784853172,-0.0023111205980054,0.0,-0.0011480618158591,-0.0034183027059974,-0.0027484161311962,7.215798793358541e-05,-0.0041830484072892,-0.0130730359010466,-0.0047461879767007,-0.0011853756496665,-0.0021477351060221,-0.0053266412013531,-0.0075068992109686,-0.0011003636177112,,,
27,27,-0.5995718135318774,-0.0277339561748323,-0.1721871921667775,-0.0013930969778644,0.0,-0.0010984055929971,-0.001677643360425,-0.0023053159022951,-0.000294823149545,-0.0047080485406924,-0.0161856579531793,-0.0035997950678002,-0.0005148747055266,-0.0010886082499078,-0.0087499616077968,-0.005144517813951,-0.0008322276132128,,,
28,28,-0.5977510499734829,-0.0482003663980662,-0.202102549567299,-0.0012701078694815,0.0,-0.0006165033415229,-0.0011688700888317,-0.0087282136067117,-0.0001309422333365,-0.0032579437741543,-0.013866476436762,-0.0020979270456696,-0.0010491657148291,-0.0009303933841344,-0.0031089576775181,-0.0048118016386207,-0.0005985923956209,,,
29,29,-0.5351306668331463,-0.0488897632510003,-0.2001499013350943,-0.0017649097745934,0.0,-0.0002558332593298,7.810013083286993e-05,-0.0078917006945916,-0.0002932306040897,-0.0039039528827623,-0.0166362750169406,-0.0031951195890977,-0.0011813117716718,-0.0004374469160204,-0.0054430691120838,-0.0103693761370889,-0.0007610124951754,,,
30,30,-0.5734076691338937,-0.0455333841342151,-0.2079762504636469,-0.0014378275189719,0.0,-0.000246778983327,7.369773748044928e-06,-0.0085580507940171,-0.0001137448082265,-0.0023130489763432,-0.0130123896663995,-0.0049959324448908,-0.0007698633760252,-0.0008599822415492,-0.0126560641881829,-0.0088657931543354,-1.3580287612890984e-05,,,
31,31,-0.5676921092108121,-0.0400272788377804,-0.2220987038687268,-0.0007684142299578,0.0,-0.0001396024373968,-0.0027919449520636,-0.0083046828919127,-0.000185330406571,-0.0016978976288184,-0.0204876120192544,-0.0038821665082731,-0.0010299782203652,-0.0011056761744941,-0.0096365465631227,-0.0124074560558204,-0.0007719871199298,,,
32,32,-0.5761630641416314,-0.0346216533015844,-0.2431991580124421,-0.001508062043401,0.0,-0.0006421568676657,-0.0024396252577266,-0.0065550553649268,2.304431486355174e-05,-0.003505661338319,-0.0177351402296497,-0.0019798718432076,-0.0008712976541556,-0.0014840170793493,-0.0083194203776598,-0.0019851231076988,-0.0017646121508221,,,
33,33,-0.483231228307342,-0.038242670117109,-0.1916687022357102,-0.0012283741945425,0.0,-0.0004392092804986,-0.0007707445066174,-0.0068411964724265,-0.0003570573803051,-0.0018529365764959,-0.017710978452002,-0.0033830335152352,-0.0008372918352398,-0.001335025555665,-0.0103953382653043,-0.0093834212276149,-0.0014186920389163,,,
34,34,-0.5535250404795945,-0.0388578370136867,-0.2500579870018828,-0.0014757715229164,0.0,-0.0009624096266322,-0.0028515875208535,-0.0061721706632753,0.0004003389840451,-0.0028624432473061,-0.0148568353921954,-0.0028372926018457,-0.0009340601491185,-0.0011260865898483,-0.0031776935781162,-0.0062711680335367,-0.0012623497494693,,,
35,35,-0.5720202760380554,-0.0425109696420558,-0.2165940293665871,-0.0015982831544751,0.0,-0.0008402257306552,-0.0001367462863808,-0.0040854817047725,-0.0003728128050445,-0.0014980726726604,-0.0182358699930251,-0.0030764195849363,-0.0003034657097567,-0.0019930680340767,-0.0081325699710789,-0.0081082057537601,-0.0005230730233668,,,
36,36,-0.5214004587343869,-0.0428323118075761,-0.2156475639474575,-0.0016008046299215,0.0,1.812202171691535e-05,-0.0012283225076825,-0.0057862817424912,-4.373055204154319e-05,-0.0026766114955939,-0.01944632735793,-0.0044212494617292,-0.0010961281518279,-0.0009617431864463,-0.0090281528195831,-0.0124701080415496,-0.0009937729232719,,,
37,37,-0.5007547628230434,-0.0404462777648034,-0.2489753191836206,-0.0019242985186925,0.0,-0.0001787989516561,-0.0011379489834213,-0.0070868705017863,-0.0001835119169563,-0.0019809390790702,-0.0252938057875653,0.000161257359497,-0.0010057566874781,-0.0011593302466047,-0.0029743827075432,-0.0110810813490799,-0.0018844767783221,,,
38,38,-0.5600052042561406,-0.0435682527409266,-0.2228219552157988,-0.0015089043037586,0.0,-0.0014822167212645,-0.002089762791881,-0.0059623798464447,-0.0002626962442242,-0.003878139264357,-0.0086119053678299,-0.0028745352567808,-0.0004270812485179,-0.0006206669177954,-0.0059798377872074,-0.0125770335369141,-0.0013484304304596,,,
39,39,-0.5853983130581867,-0.0358273913374802,-0.1938099134179709,-0.0013390940351868,0.0,-0.0014887580746218,-0.0047851144282742,-0.0066149384266988,2.014143469941665e-05,-0.0024811202947628,-0.0121116478946315,-0.00197839421615,-3.3881280454561846e-05,-0.000456307827548,-0.00542267501747,-0.0029860356446659,-0.0001168077889371,,,
40,40,-0.5029367211054422,-0.0377500067091056,-0.2289687574018482,-0.0013230066265403,0.0,1.938991669869772e-05,-0.0040921739413312,-0.0092441075798775,-0.0004398906288055,-0.0035904784688969,-0.0132068071098392,-0.0033800576585846,-0.0005250623221353,-0.0010042681165719,-0.0067341166654081,-0.0110637972095651,-0.0018594849090025,,,
41,41,-0.5136832546564202,-0.0438084979765804,-0.2351734691702922,-0.0015335974955871,0.0,-0.0016022411351245,-0.0001514635362711,-0.0052515081270233,-0.0003945574164634,-0.0017403101399364,-0.0195128415034459,-0.004272254267712,-0.0006612248792464,-0.000836413489395,-0.0081554211654839,-0.0072389602440011,-0.000931189805605,,,
42,42,-0.5270818815004489,-0.0515285664909302,-0.2044884713699226,-0.0027841660116829,0.0,0.0006179648923356,-0.0026123772424517,-0.0078348839975984,-0.0003174799330601,-0.0028080903772581,-0.0087667743568978,-0.0030237605178926,0.000920042362173,-0.000991082734581,-0.0057008415311694,-0.0142329115007451,-0.0013392327372293,,,
43,43,-0.5446778159056774,-0.033876675890743,-0.2281490589678357,-0.0014892888675673,0.0,-0.0011729596300816,-0.0023234958708572,-0.0060689335042504,-1.6117098030177246e-05,-0.000197164015162,-0.0182108351348807,-0.0012007270591003,-0.0014437864073407,-0.0001606238960017,-0.0059999376035949,-0.0088508959754701,-0.0007891050642571,,,
44,44,-0.5583831664212074,-0.0440359140794446,-0.2061483204984744,-0.0017280145595856,0.0,-0.0007190365786332,-0.0032371780160617,-0.0038070071489725,-0.0001232397054203,-0.0031993104422869,-0.0160419512137697,-0.0044394352836234,0.0002428415868274,-0.0017178656160155,-0.0006733168039537,-0.0096918523889074,-0.0007595578266932,,,
45,45,-0.5050400395389717,-0.0304977023576179,-0.208470304506,-0.0013941115478967,0.0,-0.0011089406156362,-0.0014059903659801,-0.0053936862912383,-0.0001717929274108,-0.0030107597371448,-0.008258009053182,-0.0045915602118418,-0.0009648280099997,-0.0007001962806501,-0.0055191309919336,-0.01047416205782,-0.0007392178374364,,,
46,46,-0.53709030714088,-0.0160791754016891,-0.1970533503158106,-0.0012775390848147,0.0,-0.0009094990707041,-0.0007226079766254,-0.0062655474884542,-0.0006473089184552,-0.001530478030707,-0.0134445717135446,-0.00236444210903,-0.0009576545365771,-0.0007903250718335,-0.0058694890493294,-0.0082535603820536,-0.0011357399820431,,,
47,47,-0.586235453186518,-0.0408040958869232,-0.19440816820653,-0.001456411376883,0.0,-0.0001017416989138,-0.0018336298758192,-0.007314638018455,-0.0004137103553515,-0.003439971410276,-0.0172055922665839,-0.0044233937983001,-0.0015304603711149,-0.0010987163220722,-0.0086688889380449,-0.0091520935627892,-0.0005439196611103,,,
48,48,-0.508883298047384,-0.0398106489526413,-0.2517850193071967,-0.0018297695732457,0.0,-0.0012691503320644,-0.0021041776603747,-0.005058162201986,-7.254732013795007e-05,-0.0014612300614196,-0.0096161558047392,-0.002951363944033,-0.000644737906966,-0.0009299596521742,-0.0052880573371315,-0.0105784047589656,-0.0002012880678854,,,
49,49,-0.5098191386743766,-0.0435493876560493,-0.2279122460089607,-0.0012899459355246,0.0,-0.001281092895272,-0.0034490671082647,-0.004327216680136,-0.0002086845485377,-0.002729397235049,-0.0124808218829414,-0.0046216890415303,-0.0005764067474762,-0.0004939161415787,-0.0107173074537635,-0.0062260791342545,-0.0006256221127807,,,
